NIN,FirstName,LastName,Sex,BirthDate,BloodGroup,Wilaya,Job
161947060554005493,Djibril,KADRI,M,1947-06-05,B-,16,Farmer
161945011332235277,Imane,KADRI,F,1945-01-13,B-,16,Teacher
051949010860279640,Youssef,BRAHIMI,M,1949-01-08,O-,5,Unemployed
051951091780306539,Kawthar,BRAHIMI,F,1951-09-17,B+,5,Doctor
251945010540352069,Soufiane,BRAHIMI,M,1945-01-05,B-,25,Merchant
251944031256826662,Naïma,BRAHIMI,F,1944-03-12,AB+,25,Doctor
221933102559961800,Ghiles,BOUZIANE,M,1933-10-25,AB+,22,Merchant
221935012438187645,Amina,BOUZIANE,F,1935-01-24,O-,22,Student
521946121996618416,Bilel,AMARA,M,1946-12-19,B+,52,Teacher
521944101506221881,Wafia,AMARA,F,1944-10-15,B+,52,Merchant
071948092410879676,Aziz,ABED,M,1948-09-24,AB-,7,Farmer
071946090628955338,Sana,ABED,F,1946-09-06,AB-,7,Unemployed
301940032396440843,Said,DAHMANI,M,1940-03-23,AB+,30,Engineer
301940082150375894,Rim,DAHMANI,F,1940-08-21,AB-,30,Doctor
531940082474753871,Kader,ABED,M,1940-08-24,B-,53,Unemployed
531942101313400639,Kenza,ABED,F,1942-10-13,AB+,53,Merchant
441948040485525692,Arezki,AISSAOUI,M,1948-04-04,A+,44,Farmer
441949041035732293,Hanane,AISSAOUI,F,1949-04-10,O-,44,Mechanic
421945020387243869,Marwan,FALEK,M,1945-02-03,AB+,42,Doctor
421944031220829659,Naima,FALEK,F,1944-03-12,A+,42,Farmer
041930071596685131,Riad,ABBAS,M,1930-07-15,A+,4,Doctor
041930122652805288,Ouiza,ABBAS,F,1930-12-26,AB-,4,Unemployed
231956102719400082,Ammar,KHALDI,M,1956-10-27,AB-,23,Doctor
231958092203993427,Asma,KHALDI,F,1958-09-22,B-,23,Student
571935020355906281,Riad,BOULEMALI,M,1935-02-03,O+,57,Student
571934011474956679,Yamina,BOULEMALI,F,1934-01-14,B-,57,Mechanic
051945041357015271,Ziad,BANALI,M,1945-04-13,B+,5,Mechanic
051945082424280578,Nawal,BANALI,F,1945-08-24,AB+,5,Student
181950111871939573,Djafer,HADDAD,M,1950-11-18,B+,18,Engineer
181949090243915534,Fella,HADDAD,F,1949-09-02,O+,18,Merchant
221943012676148258,Badis,GHARSI,M,1943-01-26,AB+,22,Mechanic
221945071689475431,Dallal,GHARSI,F,1945-07-16,O-,22,Farmer
051949121668702655,Akli,BENSAID,M,1949-12-16,AB+,5,Doctor
051950061335356419,Rim,BENSAID,F,1950-06-13,A-,5,Farmer
391952120993995766,Ali,BELHADJ,M,1952-12-09,AB-,39,Doctor
391952102592333060,Chafia,BELHADJ,F,1952-10-25,O+,39,Student
251951062037517672,Achour,KADRI,M,1951-06-20,B+,25,Doctor
251949072104006668,Safia,KADRI,F,1949-07-21,AB+,25,Student
561947051653488340,Omar,LAIB,M,1947-05-16,AB+,56,Farmer
561945072430393854,Lidia,LAIB,F,1945-07-24,O+,56,Unemployed
021937021202741605,Lyes,AMARA,M,1937-02-12,A+,2,Student
021936050480770697,Karima,AMARA,F,1936-05-04,AB-,2,Engineer
481956072476351535,Yacine,BOUZIANE,M,1956-07-24,O-,48,Unemployed
481957071323788757,Fatma El Zahra,BOUZIANE,F,1957-07-13,O-,48,Unemployed
561949060254305923,Ismail,MOUHOUS,M,1949-06-02,AB+,56,Doctor
561950032014689591,Zineb,MOUHOUS,F,1950-03-20,O-,56,Student
321935020990551614,Kamal,ABOUNE,M,1935-02-09,A+,32,Student
321933091550043806,Zahra,ABOUNE,F,1933-09-15,AB+,32,Merchant
261956032332022794,Taki,ABBAS,M,1956-03-23,O-,26,Student
261957082095308559,Safia,ABBAS,F,1957-08-20,A+,26,Teacher
231942051677925210,Issam,BOUZIANE,M,1942-05-16,O+,23,Doctor
231944062327636624,Hana,BOUZIANE,F,1944-06-23,B-,23,Doctor
301954051396038264,Mahmoud,FALEK,M,1954-05-13,A+,30,Merchant
301954091454379818,Tiziri,FALEK,F,1954-09-14,B-,30,Doctor
371937102097698037,Hacen,REHMOUN,M,1937-10-20,AB-,37,Teacher
371936082645429810,Nadia,REHMOUN,F,1936-08-26,A+,37,Engineer
301944110730416762,Rabah,HOUCH,M,1944-11-07,O+,30,Merchant
301944071079880805,Bouchra,HOUCH,F,1944-07-10,B+,30,Teacher
561930101229079184,Mounir,MADJER,M,1930-10-12,O+,56,Merchant
561929090364016432,Sabrine,MADJER,F,1929-09-03,O-,56,Farmer
371940120461680493,Ahcen,SEGHRI,M,1940-12-04,B+,37,Engineer
371942102868251328,Ania,SEGHRI,F,1942-10-28,A+,37,Unemployed
161953092320374106,Amrane,BELAIDI,M,1953-09-23,AB-,16,Merchant
161953072144885896,Zakia,BELAIDI,F,1953-07-21,AB-,16,Student
261955072638533125,Adel,MANSOURI,M,1955-07-26,AB-,26,Unemployed
261954120305499893,Soumia,MANSOURI,F,1954-12-03,A+,26,Student
561953111330792932,Djamel,RAHMANI,M,1953-11-13,O-,56,Merchant
561953020701999139,Ouiza,RAHMANI,F,1953-02-07,O-,56,Merchant
531953120738321378,Aziz,MEFTAH,M,1953-12-07,A+,53,Teacher
531951111994997645,Ibtissem,MEFTAH,F,1951-11-19,B+,53,Engineer
221941122348783383,Hanin,SADAOUI,M,1941-12-23,AB-,22,Unemployed
221939091168975511,Mouna,SADAOUI,F,1939-09-11,AB+,22,Teacher
211955070402028312,Islem,SMAILI,M,1955-07-04,AB-,21,Unemployed
211954050694854353,Fahima,SMAILI,F,1954-05-06,O+,21,Mechanic
181950121947132032,Lamine,TOUMI,M,1950-12-19,O-,18,Doctor
181949040901352866,Sabrine,TOUMI,F,1949-04-09,AB-,18,Mechanic
351947041523342770,Djibril,MAHDJOUB,M,1947-04-15,AB+,35,Teacher
351946011811411213,Siham,MAHDJOUB,F,1946-01-18,AB+,35,Merchant
491942041649687126,Ziad,AIT BACHIR,M,1942-04-16,B+,49,Farmer
491942100700428973,Ibtissem,AIT BACHIR,F,1942-10-07,B+,49,Teacher
561938081055264801,Halim,SAMER,M,1938-08-10,B+,56,Teacher
561939012510914207,Aïcha,SAMER,F,1939-01-25,A-,56,Teacher
571949082003191433,Mohamed,SAMER,M,1949-08-20,AB+,57,Farmer
571947102445785085,Naïla,SAMER,F,1947-10-24,B+,57,Engineer
221949082427971537,Zinedine,GHARSI,M,1949-08-24,B-,22,Merchant
221949061825601482,Dounia,GHARSI,F,1949-06-18,AB+,22,Farmer
471934092226503342,Anis,BELDI,M,1934-09-22,O-,47,Mechanic
471936031052005034,Fatima,BELDI,F,1936-03-10,A+,47,Unemployed
411935112579459626,Riad,BELDI,M,1935-11-25,AB+,41,Mechanic
411936011559575780,Sana,BELDI,F,1936-01-15,A+,41,Doctor
561947122831217856,Adel,SEGHRI,M,1947-12-28,A+,56,Mechanic
561948092034272731,Wafa,SEGHRI,F,1948-09-20,AB+,56,Doctor
531958041537536675,Noureddine,SLIMANI,M,1958-04-15,B+,53,Merchant
531957031416255317,Ghania,SLIMANI,F,1957-03-14,B+,53,Unemployed
221947021550860992,Nabil,ABOUNE,M,1947-02-15,AB-,22,Engineer
221949071215081153,Sara,ABOUNE,F,1949-07-12,O-,22,Unemployed
091942052663584975,Zohir,BELHADI,M,1942-05-26,B+,9,Farmer
091942090728795456,Tiziri,BELHADI,F,1942-09-07,AB-,9,Farmer
501941022851730995,Hamid,SADAOUI,M,1941-02-28,A-,50,Student
501942040217753025,Khadija,SADAOUI,F,1942-04-02,AB-,50,Farmer
561942082227847655,Islam,HADJI,M,1942-08-22,AB+,56,Student
561943040687866814,Samara,HADJI,F,1943-04-06,AB-,56,Farmer
291946041662444902,Yanis,ABOUNE,M,1946-04-16,AB+,29,Merchant
291945022702734053,Ouahiba,ABOUNE,F,1945-02-27,B-,29,Doctor
121930040897750973,Djilali,BOUZIANE,M,1930-04-08,O-,12,Teacher
121929101685470181,Ilham,BOUZIANE,F,1929-10-16,B+,12,Mechanic
541931021836531673,Zoubir,SAADI,M,1931-02-18,O-,54,Mechanic
541931102464514143,Zouina,SAADI,F,1931-10-24,AB-,54,Farmer
301949061696773622,Fouzi,KADRI,M,1949-06-16,A-,30,Farmer
301947070798351525,Fahima,KADRI,F,1947-07-07,AB-,30,Merchant
151937022665403605,Idir,MOUSSAOUI,M,1937-02-26,AB-,15,Engineer
151938071210964598,Amel,MOUSSAOUI,F,1938-07-12,O+,15,Engineer
151952111254513626,Marwan,HOUARI,M,1952-11-12,A-,15,Student
151952110374137715,Safia,HOUARI,F,1952-11-03,O+,15,Unemployed
191935082804180097,Zohir,BELAIDI,M,1935-08-28,AB-,19,Doctor
191934071294748718,Soumia,BELAIDI,F,1934-07-12,AB-,19,Unemployed
141933062073240813,Zoubir,NESSAH,M,1933-06-20,A-,14,Mechanic
141933071768585365,Zira,NESSAH,F,1933-07-17,A+,14,Doctor
451947121515836945,Zoubir,BOUZIANE,M,1947-12-15,AB-,45,Mechanic
451948112389457665,Chahinez,BOUZIANE,F,1948-11-23,B-,45,Student
431951022620004097,Kamel,HOUARI,M,1951-02-26,B-,43,Unemployed
431953020150821990,Ghenima,HOUARI,F,1953-02-01,A+,43,Engineer
571950071942025383,Younes,TOUATI,M,1950-07-19,A+,57,Mechanic
571949102144063919,Ibtissem,TOUATI,F,1949-10-21,AB+,57,Mechanic
421946061912567111,Farouk,HOUARI,M,1946-06-19,B-,42,Engineer
421945092876606895,Zineb,HOUARI,F,1945-09-28,AB-,42,Student
311947052338868277,Sofiane,SMAILI,M,1947-05-23,A+,31,Farmer
311947052180275194,Zwipha,SMAILI,F,1947-05-21,AB-,31,Unemployed
541959070562880033,Salim,SMAILI,M,1959-07-05,AB+,54,Mechanic
541959071978701409,Zoulikha,SMAILI,F,1959-07-19,A-,54,Engineer
301949112468281124,Adel,BOURAS,M,1949-11-24,A-,30,Mechanic
301948030210168129,Ines,BOURAS,F,1948-03-02,AB+,30,Mechanic
211958042178546315,Hichem,BOURAS,M,1958-04-21,B-,21,Teacher
211960011957618453,Madjda,BOURAS,F,1960-01-19,AB-,21,Engineer
531960072604002646,Abdelmoula,MOUHOUS,M,1960-07-26,A-,53,Unemployed
531961080831346892,Nourhan,MOUHOUS,F,1961-08-08,A+,53,Engineer
311955100288380682,Yanis,ABBAS,M,1955-10-02,B-,31,Unemployed
311955012576012930,Yamina,ABBAS,F,1955-01-25,A-,31,Mechanic
331952091330587038,Bachir,NESSAH,M,1952-09-13,B-,33,Teacher
331953120962911919,Sabiha,NESSAH,F,1953-12-09,B+,33,Unemployed
181959090399126578,Lounes,KADRI,M,1959-09-03,B-,18,Doctor
181961012646820524,Rachelle,KADRI,F,1961-01-26,AB-,18,Unemployed
351946102687165776,Mokhtar,ABBAS,M,1946-10-26,A-,35,Student
351947111837675852,Aziza,ABBAS,F,1947-11-18,AB+,35,Engineer
561957010842163352,Anwar,REHMOUN,M,1957-01-08,AB-,56,Unemployed
561956031813713550,Dounia,REHMOUN,F,1956-03-18,O+,56,Farmer
081943050134629450,Samy,BOUZIANE,M,1943-05-01,AB-,8,Farmer
081941081758361731,Chafia,BOUZIANE,F,1941-08-17,O+,8,Doctor
111938052642281620,Achour,BELAIDI,M,1938-05-26,AB-,11,Merchant
111937110494976976,Kenza,BELAIDI,F,1937-11-04,AB+,11,Student
191952031600820545,Lounes,TOUATI,M,1952-03-16,O+,19,Student
191950050365383532,Farah,TOUATI,F,1950-05-03,B-,19,Teacher
211937031081965597,Malik,TOUATI,M,1937-03-10,A-,21,Mechanic
211938040296605963,Khadija,TOUATI,F,1938-04-02,A+,21,Teacher
241954032274978083,Islem,BELAIDI,M,1954-03-22,A-,24,Unemployed
241953091994638572,Fadila,BELAIDI,F,1953-09-19,AB+,24,Student
571952091766211023,Zinedine,GHARSI,M,1952-09-17,AB+,57,Farmer
571951072139241760,Ilham,GHARSI,F,1951-07-21,AB+,57,Merchant
451951072544246254,Kaci,BOUZIANE,M,1951-07-25,O+,45,Teacher
451950021747091362,Yasmine,BOUZIANE,F,1950-02-17,A-,45,Merchant
111955090622578354,Younes,GHARSI,M,1955-09-06,A-,11,Merchant
111956042848066218,Tiziri,GHARSI,F,1956-04-28,B-,11,Engineer
491951011827842422,Naim,BRAHIMI,M,1951-01-18,B-,49,Doctor
491949042256581540,Ouiza,BRAHIMI,F,1949-04-22,O-,49,Student
471954091086935333,Fouad,BRAHIMI,M,1954-09-10,AB+,47,Doctor
471956010529608252,Souad,BRAHIMI,F,1956-01-05,O+,47,Unemployed
571934021845888210,Yassir,BOULEMALI,M,1934-02-18,AB+,57,Student
571936030627899955,Ibtissam,BOULEMALI,F,1936-03-06,O-,57,Student
381932020268313811,Lotfi,AIT BACHIR,M,1932-02-02,O+,38,Teacher
381934032723022965,Farah,AIT BACHIR,F,1934-03-27,A+,38,Farmer
221956090658316109,Boukhalfa,ABBAS,M,1956-09-06,AB+,22,Mechanic
221956051476939032,Zahia,ABBAS,F,1956-05-14,B-,22,Student
041959070737241908,Madjid,ABDELLI,M,1959-07-07,B-,4,Unemployed
041960100707311635,Zakia,ABDELLI,F,1960-10-07,A+,4,Farmer
031955071182254710,Racim,KHALDI,M,1955-07-11,B-,3,Student
031953092859720193,Amira,KHALDI,F,1953-09-28,B+,3,Doctor
441934102815077321,Tarek,MERZOUK,M,1934-10-28,B+,44,Engineer
441936041051995552,Mouna,MERZOUK,F,1936-04-10,A-,44,Merchant
211960010560203789,Nafaa,MOKHTARI,M,1960-01-05,O-,21,Teacher
211959030848033080,Zakia,MOKHTARI,F,1959-03-08,O-,21,Merchant
091953031845589099,Walid,KADRI,M,1953-03-18,O+,9,Mechanic
091951112493947694,Rania,KADRI,F,1951-11-24,B-,9,Unemployed
081943110266779075,Lyes,HOUARI,M,1943-11-02,A+,8,Merchant
081941102176284901,Rachida,HOUARI,F,1941-10-21,A-,8,Doctor
211944041781516092,Islam,TOUATI,M,1944-04-17,AB-,21,Student
211944091982279578,Dalila,TOUATI,F,1944-09-19,A+,21,Mechanic
181942071161294387,Fethi,BANALI,M,1942-07-11,B+,18,Mechanic
181944030316402895,Rabia,BANALI,F,1944-03-03,B+,18,Engineer
051960122382763616,Houari,CHERIF,M,1960-12-23,A-,5,Doctor
051960121331583492,Hana,CHERIF,F,1960-12-13,B-,5,Doctor
211950072124428289,Azzedine,TOUATI,M,1950-07-21,B+,21,Student
211952121007528640,Ilhem,TOUATI,F,1952-12-10,B+,21,Doctor
261952080350804570,Hocine,KADRI,M,1952-08-03,O+,26,Teacher
261951021116513687,Hind,KADRI,F,1951-02-11,A+,26,Farmer
161956051472218291,Said,ZEMMOURI,M,1956-05-14,B-,16,Merchant
161956110835078213,Nadia,ZEMMOURI,F,1956-11-08,AB-,16,Teacher
401949051647107021,Amirouche,BELHADI,M,1949-05-16,AB+,40,Farmer
401947061098357113,Wafa,BELHADI,F,1947-06-10,A+,40,Student
011931100647135194,Habib,KADRI,M,1931-10-06,B-,1,Merchant
011930101415585497,Majda,KADRI,F,1930-10-14,B+,1,Teacher
221980122752581051,Abdelillah,ABOUN,M,1980-12-27,AB+,22,Farmer
221982011468263371,Leila,ABOUN,F,1982-01-14,A-,22,Teacher
291960112345791805,Redouane,BELDI,M,1960-11-23,O-,29,Student
291959061937920459,Ouahiba,BELDI,F,1959-06-19,AB-,29,Teacher
531962031264942342,Karim,ZEMMOURI,M,1962-03-12,AB+,53,Merchant
531964112505169071,Ilham,ZEMMOURI,F,1964-11-25,O-,53,Student
251981060639316538,Aziz,BELHADI,M,1981-06-06,B+,25,Merchant
251983012605307382,Khadija,BELHADI,F,1983-01-26,AB+,25,Unemployed
501967040250522345,Wahid,MIHOUB,M,1967-04-02,O-,50,Student
501965042280286324,Maissa,MIHOUB,F,1965-04-22,B-,50,Mechanic
181966050705792715,Mounir,HOUCH,M,1966-05-07,O-,18,Unemployed
181967070987439018,Assia,HOUCH,F,1967-07-09,A-,18,Unemployed
551980120872241245,Riyad,BOUZIANE,M,1980-12-08,O-,55,Student
551981092593783781,Ibtissam,BOUZIANE,F,1981-09-25,B+,55,Doctor
341963101696493311,Bachir,BENSAID,M,1963-10-16,AB-,34,Farmer
341965022784297045,Samira,BENSAID,F,1965-02-27,O+,34,Merchant
381968050159769533,Anis,BELAIDI,M,1968-05-01,A-,38,Engineer
381969110491724621,Inès,BELAIDI,F,1969-11-04,O-,38,Unemployed
041979100631687962,Abdelmoula,BELHADJ,M,1979-10-06,O+,4,Teacher
041977021995791313,Ibtissam,BELHADJ,F,1977-02-19,O-,4,Farmer
231962110531198793,Malek,SALHI,M,1962-11-05,B+,23,Engineer
231964122620305041,Sana,SALHI,F,1964-12-26,A-,23,Doctor
091975070587787607,Soufiane,AISSAOUI,M,1975-07-05,O-,9,Student
091975010860426050,Ibtissem,AISSAOUI,F,1975-01-08,AB-,9,Student
571973022473847499,Kader,DAHMANI,M,1973-02-24,A+,57,Mechanic
571974062542142618,Houda,DAHMANI,F,1974-06-25,O-,57,Engineer
081985070996454485,Samy,BRAHIMI,M,1985-07-09,B-,8,Teacher
081984062635734443,Nadjma,BRAHIMI,F,1984-06-26,B+,8,Student
571978110243905704,Tarek,HOUARI,M,1978-11-02,B-,57,Merchant
571976021627000248,Wided,HOUARI,F,1976-02-16,B+,57,Merchant
391981051788771678,Yassine,CHERIF,M,1981-05-17,A+,39,Student
391983030885873334,Yamna,CHERIF,F,1983-03-08,A-,39,Farmer
411971010372061559,Madjid,NESSAH,M,1971-01-03,B-,41,Mechanic
411972120888734552,Zahra,NESSAH,F,1972-12-08,O+,41,Teacher
581964030189395350,Achour,LAICHI,M,1964-03-01,AB-,58,Farmer
581966121439501985,Ilham,LAICHI,F,1966-12-14,A-,58,Merchant
421967021078711321,Naim,TOUMI,M,1967-02-10,AB+,42,Farmer
421967032785032445,Kenza,TOUMI,F,1967-03-27,AB+,42,Farmer
111982081377800938,Hamid,MOKHTARI,M,1982-08-13,B+,11,Engineer
111983120233418058,Zahra,MOKHTARI,F,1983-12-02,B+,11,Teacher
491961061676951357,Aziz,BELDI,M,1961-06-16,AB+,49,Mechanic
491962012058334145,Asma,BELDI,F,1962-01-20,AB+,49,Mechanic
111978062434861642,Djibril,MOUHOUS,M,1978-06-24,B-,11,Doctor
111979082174106255,Zwipha,MOUHOUS,F,1979-08-21,O+,11,Doctor
461979011195658460,Hamid,AISSAOUI,M,1979-01-11,A+,46,Merchant
461977100570176651,Nour,AISSAOUI,F,1977-10-05,O-,46,Merchant
131985010673509676,Achour,BELAIDI,M,1985-01-06,AB-,13,Farmer
131983120156566233,Safia,BELAIDI,F,1983-12-01,AB-,13,Doctor
531977012131681382,Malik,TOUATI,M,1977-01-21,O+,53,Unemployed
531975121024472061,Naïma,TOUATI,F,1975-12-10,A+,53,Engineer
521969042527753335,Achour,BOURAS,M,1969-04-25,AB-,52,Merchant
521970050831835220,Mouna,BOURAS,F,1970-05-08,O-,52,Mechanic
201967110884731727,Noureddine,BELHADJ,M,1967-11-08,A+,20,Engineer
201968080742306532,Melissa,BELHADJ,F,1968-08-07,B-,20,Engineer
341969091304514181,Anwar,LAIB,M,1969-09-13,B-,34,Doctor
341971011370948401,Ouahiba,LAIB,F,1971-01-13,A+,34,Doctor
141985081542858659,Teyeb,BELDI,M,1985-08-15,A+,14,Merchant
141987052838724292,Sofia,BELDI,F,1987-05-28,O-,14,Doctor
401976102843222441,Marouane,REHMOUN,M,1976-10-28,O-,40,Mechanic
401975051023301766,Sabiha,REHMOUN,F,1975-05-10,O-,40,Doctor
521961040635561565,Bachir,BELDI,M,1961-04-06,A+,52,Doctor
521960040516471893,Chahinez,BELDI,F,1960-04-05,O+,52,Merchant
441978041005463058,Fouzi,SMAILI,M,1978-04-10,A+,44,Farmer
441976110890689621,Naima,SMAILI,F,1976-11-08,A-,44,Engineer
411982011516667823,Zoubir,HOUARI,M,1982-01-15,O+,41,Student
411981050809740275,Maram,HOUARI,F,1981-05-08,A-,41,Teacher
471963080946496322,Bachir,MAHDJOUB,M,1963-08-09,A+,47,Student
471961061509617549,Madjda,MAHDJOUB,F,1961-06-15,AB-,47,Engineer
211979080511923779,Abdelmoula,ABOUN,M,1979-08-05,A+,21,Student
211977011403347867,Naima,ABOUN,F,1977-01-14,AB+,21,Farmer
251970121723509850,Younes,KHALDI,M,1970-12-17,AB+,25,Mechanic
251969030533042694,Dalila,KHALDI,F,1969-03-05,O+,25,Teacher
391983010388863424,Slimane,BELHADJ,M,1983-01-03,B+,39,Teacher
391981021936376771,Bouchra,BELHADJ,F,1981-02-19,AB-,39,Student
421963122858311459,Salah,BELAIDI,M,1963-12-28,A-,42,Unemployed
421965042564665529,Kheira,BELAIDI,F,1965-04-25,B+,42,Mechanic
021968092605759778,Mounir,SAIDI,M,1968-09-26,O+,2,Teacher
021970052864596018,Fatiha,SAIDI,F,1970-05-28,AB+,2,Merchant
361984062444757286,Amrane,MOUSSAOUI,M,1984-06-24,AB+,36,Teacher
361982032229839434,Wided,MOUSSAOUI,F,1982-03-22,B-,36,Doctor
041964081430428037,Mounir,ABOUN,M,1964-08-14,A-,4,Doctor
041963042487176973,Souad,ABOUN,F,1963-04-24,A+,4,Teacher
131971111062264012,Safouane,BELDI,M,1971-11-10,O-,13,Student
131971022484007943,Sabrine,BELDI,F,1971-02-24,O-,13,Mechanic
451966082648166085,Naim,HADJI,M,1966-08-26,AB-,45,Merchant
451965101616534401,Saloua,HADJI,F,1965-10-16,AB+,45,Farmer
421983092458444276,Anwar,HAMIDI,M,1983-09-24,O+,42,Mechanic
421982040291441891,Aziza,HAMIDI,F,1982-04-02,B+,42,Farmer
051984050812902532,Adnan,KADRI,M,1984-05-08,AB+,5,Merchant
051985102427656976,Ghania,KADRI,F,1985-10-24,A+,5,Doctor
491985071006960287,Mahmoud,KHADIR,M,1985-07-10,AB+,49,Mechanic
491986112159174845,Nourhan,KHADIR,F,1986-11-21,B-,49,Farmer
331962032534376059,Salah,MOUHOUS,M,1962-03-25,O+,33,Doctor
331963022062038515,Leïla,MOUHOUS,F,1963-02-20,A+,33,Merchant
441975051407549273,Saïd,CHERIF,M,1975-05-14,B+,44,Farmer
441977122241073345,Mounira,CHERIF,F,1977-12-22,A+,44,Engineer
421975051319525190,Anwar,ABBAS,M,1975-05-13,O+,42,Student
421973031811475297,Sabrina,ABBAS,F,1973-03-18,A+,42,Mechanic
451978091007443707,Fethi,MAROUNI,M,1978-09-10,A+,45,Teacher
451980072406017611,Nawel,MAROUNI,F,1980-07-24,O+,45,Farmer
191978031921861544,Adem,HOUCH,M,1978-03-19,O+,19,Engineer
191980071463632806,Rachida,HOUCH,F,1980-07-14,A-,19,Unemployed
421969031414463328,Kamal,RAHMANI,M,1969-03-14,B+,42,Doctor
421968091171590035,Ghania,RAHMANI,F,1968-09-11,O+,42,Mechanic
031985081417185987,Omar,AMARA,M,1985-08-14,B-,3,Engineer
031986060828623028,Sabrine,AMARA,F,1986-06-08,A-,3,Engineer
311965070905710154,Malek,MAHDJOUB,M,1965-07-09,B-,31,Merchant
311966031961568554,Imane,MAHDJOUB,F,1966-03-19,AB+,31,Doctor
281977100191394447,Rafik,BELDI,M,1977-10-01,B-,28,Unemployed
281978041705805797,Fella,BELDI,F,1978-04-17,A+,28,Teacher
331963051800843860,Omar,HAMIDI,M,1963-05-18,O+,33,Student
331961031160980768,Lamia,HAMIDI,F,1961-03-11,B+,33,Unemployed
301960010973659770,Salim,BERKANI,M,1960-01-09,A+,30,Unemployed
301958032457254583,Dalila,BERKANI,F,1958-03-24,A-,30,Unemployed
401968031427931589,Fouzi,KADRI,M,1968-03-14,A+,40,Student
401966070527951681,Salma,KADRI,F,1966-07-05,O-,40,Unemployed
551981112624454071,Nadjib,MIHOUB,M,1981-11-26,A-,55,Student
551983072130181118,Rabia,MIHOUB,F,1983-07-21,O-,55,Merchant
511963100951010125,Lotfi,GHARSI,M,1963-10-09,O+,51,Doctor
511963080917979411,Naima,GHARSI,F,1963-08-09,AB+,51,Farmer
451983041568418439,Ramy,CHERIF,M,1983-04-15,B+,45,Engineer
451984081567384701,Samia,CHERIF,F,1984-08-15,A+,45,Mechanic
351971072509051180,Firas,MERZOUK,M,1971-07-25,AB+,35,Doctor
351970041048755413,Leticia,MERZOUK,F,1970-04-10,O+,35,Farmer
111975072574499464,Marzouk,ZEMMOURI,M,1975-07-25,A-,11,Farmer
111977111734282967,Ouardia,ZEMMOURI,F,1977-11-17,B+,11,Mechanic
201963010729188714,Brahim,BELHADJ,M,1963-01-07,AB-,20,Engineer
201964040119286469,Sara,BELHADJ,F,1964-04-01,B-,20,Unemployed
121974051793451466,Hanin,MOKHTARI,M,1974-05-17,O+,12,Mechanic
121972040916743811,Louiza,MOKHTARI,F,1972-04-09,O-,12,Farmer
571978011215488078,Hassan,BELOUATI,M,1978-01-12,B-,57,Merchant
571977060198929830,Hanane,BELOUATI,F,1977-06-01,AB+,57,Student
351985112603436653,Achour,SMAILI,M,1985-11-26,O-,35,Engineer
351983080485397069,Leticia,SMAILI,F,1983-08-04,A-,35,Engineer
341963111146208890,Karim,SAADI,M,1963-11-11,O-,34,Farmer
341963082832364583,Naïla,SAADI,F,1963-08-28,B-,34,Engineer
311974092079494837,Lounes,MOUSSAOUI,M,1974-09-20,B-,31,Student
311975061926815523,Sara,MOUSSAOUI,F,1975-06-19,B-,31,Engineer
341970040680927239,Hacen,ABBAS,M,1970-04-06,AB+,34,Merchant
341971011152879964,Lynda,ABBAS,F,1971-01-11,A+,34,Farmer
511975070450476224,Yacine,RAHMANI,M,1975-07-04,O-,51,Doctor
511973010525983729,Samia,RAHMANI,F,1973-01-05,O-,51,Doctor
481964111332746389,Boukhalfa,TOUATI,M,1964-11-13,A+,48,Unemployed
481964022395199683,Chafia,TOUATI,F,1964-02-23,AB-,48,Student
451975011953021821,Abdelaziz,AMARA,M,1975-01-19,AB+,45,Merchant
451977051762658309,Assia,AMARA,F,1977-05-17,B+,45,Merchant
151983042414583493,Adel,TOUATI,M,1983-04-24,AB-,15,Merchant
151983042023934343,Madjda,TOUATI,F,1983-04-20,O-,15,Mechanic
121983011986124146,Azzedine,BRAHIMI,M,1983-01-19,O+,12,Farmer
121984081797585227,Dihia,BRAHIMI,F,1984-08-17,A+,12,Teacher
141977071357627176,Faycel,KHALDI,M,1977-07-13,AB+,14,Doctor
141978080820863469,Ghania,KHALDI,F,1978-08-08,A-,14,Engineer
151971082525561009,Yanis,FALEK,M,1971-08-25,O+,15,Student
151972110793039732,Nouria,FALEK,F,1972-11-07,AB+,15,Unemployed
511977080965606799,Reda,TOUATI,M,1977-08-09,A+,51,Farmer
511977092791482409,Ibtissem,TOUATI,F,1977-09-27,AB+,51,Merchant
201983080411152973,Soufiane,SAIDI,M,1983-08-04,A-,20,Unemployed
201984100197364068,Ines,SAIDI,F,1984-10-01,B-,20,Unemployed
351964050858926796,Yacoub,TOUATI,M,1964-05-08,O+,35,Unemployed
351964060895461418,Zwipha,TOUATI,F,1964-06-08,B-,35,Farmer
561974101876565976,Riyad,BANALI,M,1974-10-18,A+,56,Engineer
561975112722433867,Chahinez,BANALI,F,1975-11-27,O+,56,Farmer
451985042012423046,Kader,BENYAHIA,M,1985-04-20,A+,45,Teacher
451984071888972164,Naïma,BENYAHIA,F,1984-07-18,AB+,45,Engineer
271960052123233792,Slimane,TALEB,M,1960-05-21,AB-,27,Teacher
271958010582924398,Anissa,TALEB,F,1958-01-05,O+,27,Engineer
111980050775562044,Islam,MEFTAH,M,1980-05-07,AB+,11,Doctor
111982082890386028,Bouchra,MEFTAH,F,1982-08-28,B+,11,Engineer
061961091135475324,Chabane,BENSAID,M,1961-09-11,A+,6,Doctor
061960020842758701,Chahinez,BENSAID,F,1960-02-08,A+,6,Teacher
051974022416561526,Islam,BOULEMALI,M,1974-02-24,A+,5,Unemployed
051976010340577070,Sofia,BOULEMALI,F,1976-01-03,O+,5,Farmer
021984020921235994,Anis,LAICHI,M,1984-02-09,AB-,2,Engineer
021982020595218575,Mounia,LAICHI,F,1982-02-05,O+,2,Farmer
461961032763158792,Noureddine,ABOUNE,M,1961-03-27,O+,46,Mechanic
461963071774370936,Leila,ABOUNE,F,1963-07-17,B+,46,Merchant
241977102311284746,Mayas,SALHI,M,1977-10-23,A-,24,Teacher
241977122777005841,Saloua,SALHI,F,1977-12-27,B+,24,Mechanic
121967092216430261,Omar,ZITOUNI,M,1967-09-22,A+,12,Unemployed
121967020474920011,Saloua,ZITOUNI,F,1967-02-04,O+,12,Merchant
031983102054084391,Arezki,HOUCH,M,1983-10-20,AB+,3,Teacher
031985032297756778,Fatiha,HOUCH,F,1985-03-22,A-,3,Doctor
331980042689610210,Mohamed,LAICHI,M,1980-04-26,A-,33,Teacher
331980060322991272,Wided,LAICHI,F,1980-06-03,A-,33,Teacher
381968080651414434,Mounir,BANALI,M,1968-08-06,B-,38,Doctor
381967021215243552,Saadia,BANALI,F,1967-02-12,B-,38,Merchant
461968061869475531,Omar,SAIDI,M,1968-06-18,O-,46,Unemployed
461969010605007924,Houda,SAIDI,F,1969-01-06,O+,46,Student
431967031891719502,Islam,LAICHI,M,1967-03-18,B-,43,Student
431967112097976972,Mounira,LAICHI,F,1967-11-20,O+,43,Engineer
341984020639657862,Ghiles,TOUATI,M,1984-02-06,O+,34,Unemployed
341985121723664588,Fatiha,TOUATI,F,1985-12-17,A+,34,Teacher
251981112786708394,Hamid,BELOUATI,M,1981-11-27,O+,25,Mechanic
251983092616589402,Saida,BELOUATI,F,1983-09-26,O-,25,Student
561985111763798170,Ramy,SLIMANI,M,1985-11-17,AB-,56,Farmer
561985031312043428,Chahrazed,SLIMANI,F,1985-03-13,AB+,56,Engineer
021985052058740483,Chabane,BENYAHIA,M,1985-05-20,O+,2,Mechanic
021983072506783002,Maram,BENYAHIA,F,1983-07-25,AB-,2,Student
081965122704681135,Farouk,MADJER,M,1965-12-27,O-,8,Doctor
081964092308324161,Safia,MADJER,F,1964-09-23,A+,8,Doctor
331960091252813100,Mayas,ZITOUNI,M,1960-09-12,A+,33,Student
331960090729323045,Terkia,ZITOUNI,F,1960-09-07,O-,33,Merchant
041980060267489081,Djafer,KADRI,M,1980-06-02,O+,4,Doctor
041982022371879966,Naïla,KADRI,F,1982-02-23,B-,4,Mechanic
221982102372336189,Fouzi,SADAOUI,M,1982-10-23,A-,22,Mechanic
221982121590696734,Dihia,SADAOUI,F,1982-12-15,O+,22,Merchant
081968040868922923,Riad,BOULEMALI,M,1968-04-08,B-,8,Merchant
081969022048126147,Safia,BOULEMALI,F,1969-02-20,B-,8,Teacher
111978061721958391,Karim,LAIB,M,1978-06-17,A-,11,Doctor
111977102388371375,Ibtissem,LAIB,F,1977-10-23,AB+,11,Engineer
321974080499158487,Said,HOUCH,M,1974-08-04,B-,32,Student
321974082452258123,Samia,HOUCH,F,1974-08-24,AB+,32,Doctor
151964070313278254,Fouad,BELAIDI,M,1964-07-03,O-,15,Doctor
151962010281944685,Nawal,BELAIDI,F,1962-01-02,AB+,15,Unemployed
211969081561761202,Jawad,LAIB,M,1969-08-15,AB+,21,Student
211967020183023648,Siham,LAIB,F,1967-02-01,B-,21,Merchant
311979100698825362,Hocine,MESSAOUDI,M,1979-10-06,AB+,31,Teacher
311981070262738715,Wafia,MESSAOUDI,F,1981-07-02,AB+,31,Farmer
221964051660077822,Fares,BENSAID,M,1964-05-16,O-,22,Student
221963090638711300,Assia,BENSAID,F,1963-09-06,B-,22,Student
311968051252665282,Firas,SAMER,M,1968-05-12,AB+,31,Unemployed
311967122551964528,Katia,SAMER,F,1967-12-25,B+,31,Doctor
461975011092620982,Anwar,MOUSSAOUI,M,1975-01-10,A-,46,Merchant
461977012307340825,Rachida,MOUSSAOUI,F,1977-01-23,AB+,46,Unemployed
561964052699965517,Samy,MAHDJOUB,M,1964-05-26,A-,56,Teacher
561962110697558892,Safa,MAHDJOUB,F,1962-11-06,AB+,56,Unemployed
511978042596570653,Farid,BELAIDI,M,1978-04-25,O-,51,Merchant
511978080152764444,Leila,BELAIDI,F,1978-08-01,A+,51,Merchant
461970101536274856,Lamine,KADRI,M,1970-10-15,O+,46,Doctor
461969111192609687,Kenza,KADRI,F,1969-11-11,A-,46,Teacher
481981111392599711,Tarek,LARBI,M,1981-11-13,AB-,48,Mechanic
481983040999794081,Fatiha,LARBI,F,1983-04-09,B-,48,Merchant
211980022780383130,Anis,DAHMANI,M,1980-02-27,O-,21,Teacher
211979101294862121,Chafia,DAHMANI,F,1979-10-12,AB-,21,Engineer
171967122442434865,Marzouk,ZEKRI,M,1967-12-24,AB+,17,Merchant
171967071253085437,Zineb,ZEKRI,F,1967-07-12,AB-,17,Unemployed
141972041057641895,Brahim,MANSOURI,M,1972-04-10,B+,14,Student
141971010981272130,Zwipha,MANSOURI,F,1971-01-09,A+,14,Unemployed
331977062496676863,Badis,BELOUATI,M,1977-06-24,O+,33,Mechanic
331977040972336994,Kamilia,BELOUATI,F,1977-04-09,A+,33,Engineer
521969031680314079,Mayas,MIHOUB,M,1969-03-16,AB-,52,Doctor
521969062207931182,Rim,MIHOUB,F,1969-06-22,A-,52,Unemployed
581961121772908898,Islam,BANALI,M,1961-12-17,A-,58,Engineer
581961091029136652,Kenza,BANALI,F,1961-09-10,AB+,58,Unemployed
431964071939707213,Rafik,LAICHI,M,1964-07-19,A+,43,Doctor
431966032525904472,Hana,LAICHI,F,1966-03-25,AB-,43,Farmer
481982080143553014,Ilyès,MAHDJOUB,M,1982-08-01,AB+,48,Merchant
481984040585161733,Samara,MAHDJOUB,F,1984-04-05,AB+,48,Mechanic
261960122686685410,Faycel,ABOUNE,M,1960-12-26,A+,26,Unemployed
261962030829573943,Katia,ABOUNE,F,1962-03-08,O-,26,Merchant
541971062418889716,Mustapha,MAROUNI,M,1971-06-24,AB-,54,Engineer
541970011105105340,Fahima,MAROUNI,F,1970-01-11,AB-,54,Mechanic
111962061833569007,Mehdi,MOUHOUS,M,1962-06-18,B-,11,Engineer
111960100557583083,Dina,MOUHOUS,F,1960-10-05,A+,11,Merchant
341972060634934859,Rachid,SADAOUI,M,1972-06-06,O-,34,Teacher
341973092519209657,Bouchra,SADAOUI,F,1973-09-25,O+,34,Farmer
521976031945255052,Arezki,MESSAOUDI,M,1976-03-19,AB-,52,Teacher
521974091547406050,Ibtissam,MESSAOUDI,F,1974-09-15,A-,52,Teacher
081973120710445586,Mohamed,ZITOUNI,M,1973-12-07,AB+,8,Farmer
081971041607170040,Fadila,ZITOUNI,F,1971-04-16,B-,8,Engineer
281974050526930893,Teyeb,CHERIF,M,1974-05-05,AB-,28,Student
281974111132607233,Terkia,CHERIF,F,1974-11-11,AB-,28,Merchant
461980091928398769,Racim,MAROUNI,M,1980-09-19,A-,46,Engineer
461982041039853058,Ghania,MAROUNI,F,1982-04-10,AB-,46,Mechanic
021972032577427555,Mahmoud,BELHADI,M,1972-03-25,B-,2,Teacher
021973102720819090,Zouina,BELHADI,F,1973-10-27,B+,2,Teacher
331969102750491844,Saïd,GHARSI,M,1969-10-27,A-,33,Student
331971112586636113,Hana,GHARSI,F,1971-11-25,B+,33,Teacher
431975101376060310,Farid,ZITOUNI,M,1975-10-13,A+,43,Farmer
431974081457913094,Ibtissam,ZITOUNI,F,1974-08-14,AB-,43,Teacher
391970100755559019,Omar,BELDI,M,1970-10-07,B-,39,Engineer
391968060642437689,Fatma El Zahra,BELDI,F,1968-06-06,AB+,39,Doctor
521973052643491369,Fouad,SAADI,M,1973-05-26,B+,52,Doctor
521973051676382644,Maissa,SAADI,F,1973-05-16,AB-,52,Farmer
161961022640196757,Bilel,TOUMI,M,1961-02-26,AB+,16,Merchant
161961062068812200,Naima,TOUMI,F,1961-06-20,AB-,16,Merchant
491977100957676531,Ali,REHMOUN,M,1977-10-09,B-,49,Farmer
491976020636110354,Souad,REHMOUN,F,1976-02-06,O-,49,Farmer
271981090969099745,Hassan,RAHMANI,M,1981-09-09,B+,27,Doctor
271979121914898933,Dounia,RAHMANI,F,1979-12-19,AB-,27,Unemployed
011962101964145735,Walid,BENSAID,M,1962-10-19,A-,1,Teacher
011964091368646120,Fadila,BENSAID,F,1964-09-13,A+,1,Merchant
041979111064747039,Issam,MEFTAH,M,1979-11-10,B-,4,Farmer
041980040523150679,Celia,MEFTAH,F,1980-04-05,A+,4,Student
551972041235040343,Aymen,GHARSI,M,1972-04-12,AB+,55,Unemployed
551973100847916229,Ilham,GHARSI,F,1973-10-08,A-,55,Doctor
121977090423724558,Samir,MAROUNI,M,1977-09-04,O+,12,Student
121977091833202024,Dallal,MAROUNI,F,1977-09-18,O+,12,Unemployed
221969021394235623,Zoubir,KHALDI,M,1969-02-13,A-,22,Unemployed
221967071870741845,Ilham,KHALDI,F,1967-07-18,A-,22,Mechanic
271975122744781522,Wahid,DAHMANI,M,1975-12-27,B-,27,Mechanic
271976081267158453,Ouarda,DAHMANI,F,1976-08-12,O+,27,Engineer
371971012534842696,Kader,DAHMANI,M,1971-01-25,AB-,37,Farmer
371973072020290945,Ilham,DAHMANI,F,1973-07-20,O+,37,Mechanic
111966071945170462,Akli,HADDAD,M,1966-07-19,A-,11,Teacher
111967091205188621,Salma,HADDAD,F,1967-09-12,AB+,11,Unemployed
381983080168109767,Abdelmoula,TALEB,M,1983-08-01,B-,38,Unemployed
381983091904959566,Kenza,TALEB,F,1983-09-19,AB+,38,Student
451982010657808095,Ilyès,HOUARI,M,1982-01-06,B+,45,Merchant
451980041503243824,Nouria,HOUARI,F,1980-04-15,A-,45,Doctor
151970040847486254,Djafer,RAHMANI,M,1970-04-08,A-,15,Mechanic
151968042522933457,Kawthar,RAHMANI,F,1968-04-25,O-,15,Mechanic
561966032348699657,Salah,BERKANI,M,1966-03-23,AB-,56,Student
561967051622107051,Aziza,BERKANI,F,1967-05-16,AB-,56,Farmer
141979070844801545,Aymen,LAICHI,M,1979-07-08,O+,14,Engineer
141977042622591703,Ibtissam,LAICHI,F,1977-04-26,O-,14,Teacher
551977081679221190,Wahid,MADJER,M,1977-08-16,AB+,55,Farmer
551979082498036332,Wided,MADJER,F,1979-08-24,AB+,55,Unemployed
551974122230853472,Boukhalfa,BELDI,M,1974-12-22,B-,55,Merchant
551972022756529335,Wafa,BELDI,F,1972-02-27,AB-,55,Merchant
451975070610617152,Houari,FALEK,M,1975-07-06,AB+,45,Student
451974050456183057,Zineb,FALEK,F,1974-05-04,A-,45,Mechanic
451983022835481834,Iskander,ABBAS,M,1983-02-28,A-,45,Unemployed
451985081022091972,Ibtissam,ABBAS,F,1985-08-10,AB+,45,Doctor
351962052179855097,Ilyès,AISSAOUI,M,1962-05-21,O+,35,Merchant
351960050320164388,Saida,AISSAOUI,F,1960-05-03,A-,35,Farmer
031967070256738080,Djamel,BELOUATI,M,1967-07-02,O-,3,Engineer
031969061814009179,Rachida,BELOUATI,F,1969-06-18,B-,3,Unemployed
251970071968512166,Islem,MANSOURI,M,1970-07-19,B+,25,Mechanic
251968082748753048,Dallal,MANSOURI,F,1968-08-27,A+,25,Unemployed
091976022648078362,Fares,LARBI,M,1976-02-26,B+,9,Farmer
091975010134571194,Chafia,LARBI,F,1975-01-01,B-,9,Merchant
271975112420216358,Islem,BENYAHIA,M,1975-11-24,A-,27,Engineer
271975042519762596,Selma,BENYAHIA,F,1975-04-25,A+,27,Student
511973021909398515,Azzedine,AISSAOUI,M,1973-02-19,O+,51,Teacher
511973041747015261,Hana,AISSAOUI,F,1973-04-17,A-,51,Unemployed
161962122296537966,Moussa,ABDELLI,M,1962-12-22,AB+,16,Unemployed
161960032669637216,Samara,ABDELLI,F,1960-03-26,A+,16,Merchant
551971022754901730,Zinedine,BELHADI,M,1971-02-27,AB-,55,Farmer
551970091718343145,Nadjma,BELHADI,F,1970-09-17,A+,55,Farmer
581961011590863462,Hocine,AMARA,M,1961-01-15,O+,58,Mechanic
581962081245854617,Dalila,AMARA,F,1962-08-12,B-,58,Unemployed
451972012572622261,Ilyès,FALEK,M,1972-01-25,AB-,45,Teacher
451973070298955082,Dallal,FALEK,F,1973-07-02,O+,45,Doctor
341972061286403670,Amirouche,BOULEMALI,M,1972-06-12,AB+,34,Mechanic
341970051910828838,Nadia,BOULEMALI,F,1970-05-19,AB+,34,Merchant
501983011982749118,Hassan,TALEB,M,1983-01-19,AB+,50,Farmer
501981021937678101,Selma,TALEB,F,1981-02-19,AB+,50,Doctor
421961051216743801,Ilyès,BANALI,M,1961-05-12,O-,42,Doctor
421960022100067840,Anissa,BANALI,F,1960-02-21,AB+,42,Engineer
401969042484568185,Ahmed,BELOUATI,M,1969-04-24,B-,40,Mechanic
401971072684220194,Ouarda,BELOUATI,F,1971-07-26,B+,40,Teacher
481985082158205950,Firas,MOUSSAOUI,M,1985-08-21,A-,48,Engineer
481983110697135092,Malika,MOUSSAOUI,F,1983-11-06,AB-,48,Farmer
011960021653398762,Teyeb,BOURAS,M,1960-02-16,AB+,1,Farmer
011960011217883599,Nassima,BOURAS,F,1960-01-12,A+,1,Engineer
171971060405779273,Brahim,TALEB,M,1971-06-04,B-,17,Student
171973091833766300,Sabrine,TALEB,F,1973-09-18,B+,17,Mechanic
051980091603099330,Firas,KHALDI,M,1980-09-16,B-,5,Merchant
051980050354427248,Souad,KHALDI,F,1980-05-03,B-,5,Engineer
351977071469324522,Farid,BRAHIMI,M,1977-07-14,B+,35,Merchant
351978102555291610,Amel,BRAHIMI,F,1978-10-25,O+,35,Merchant
061979080347743852,Madjid,BELDI,M,1979-08-03,B-,6,Doctor
061979110971269213,Lina,BELDI,F,1979-11-09,O+,6,Unemployed
581964082298646525,Said,MADJER,M,1964-08-22,A+,58,Doctor
581963101901031792,Siham,MADJER,F,1963-10-19,O+,58,Doctor
091982040484887616,Kader,KHADIR,M,1982-04-04,AB-,9,Student
091983041220074172,Sabrina,KHADIR,F,1983-04-12,AB-,9,Teacher
541974091215721424,Abdelillah,SLIMANI,M,1974-09-12,AB+,54,Mechanic
541972091712211629,Lynda,SLIMANI,F,1972-09-17,AB-,54,Farmer
401962121064041527,Redouane,MEFTAH,M,1962-12-10,O+,40,Mechanic
401960070311382862,Ouarda,MEFTAH,F,1960-07-03,B-,40,Farmer
281983062014006085,Rabah,BRAHIMI,M,1983-06-20,B-,28,Engineer
281981021697646092,Zahra,BRAHIMI,F,1981-02-16,A-,28,Farmer
191973102868366656,Omar,HOUARI,M,1973-10-28,AB-,19,Farmer
191973021614228207,Majda,HOUARI,F,1973-02-16,O+,19,Engineer
371979122055586562,Slimane,LARBI,M,1979-12-20,A-,37,Student
371980111674779719,Souad,LARBI,F,1980-11-16,O-,37,Merchant
561969010416028506,Achour,MIHOUB,M,1969-01-04,B+,56,Engineer
561970121651489284,Ilham,MIHOUB,F,1970-12-16,A+,56,Merchant
441968011934173847,Farid,MOKHTARI,M,1968-01-19,AB-,44,Unemployed
441968061215751364,Mbarka,MOKHTARI,F,1968-06-12,AB+,44,Mechanic
011961071609943780,Salim,MESSAOUDI,M,1961-07-16,A+,1,Merchant
011961080497873475,Zahia,MESSAOUDI,F,1961-08-04,AB-,1,Mechanic
041965022810914305,Abdelkader,MEFTAH,M,1965-02-28,B+,4,Mechanic
041965042345216819,Aldjia,MEFTAH,F,1965-04-23,AB-,4,Farmer
331973081322603584,Sabri,SMAILI,M,1973-08-13,A+,33,Student
331971100242399222,Hanane,SMAILI,F,1971-10-02,B-,33,Mechanic
541970082400540805,Riad,KADRI,M,1970-08-24,O+,54,Engineer
541968080441416848,Majda,KADRI,F,1968-08-04,B-,54,Student
241980090214183692,Lyes,ZEKRI,M,1980-09-02,B-,24,Teacher
241980061817344182,Amira,ZEKRI,F,1980-06-18,A-,24,Farmer
021974061765819826,Yassine,SAMER,M,1974-06-17,B+,2,Teacher
021973101541870900,Sabrine,SAMER,F,1973-10-15,AB+,2,Doctor
341983041134696070,Anwar,ABOUN,M,1983-04-11,O-,34,Unemployed
341982070446959248,Madjda,ABOUN,F,1982-07-04,A+,34,Merchant
251979011811714082,Kader,BOURAS,M,1979-01-18,O-,25,Mechanic
251978070877554803,Zineb,BOURAS,F,1978-07-08,A-,25,Student
471982030500301378,Yacoub,ABOUN,M,1982-03-05,O-,47,Farmer
471982090920160715,Mouna,ABOUN,F,1982-09-09,O+,47,Mechanic
531968081622061452,Riyad,HADJI,M,1968-08-16,B+,53,Unemployed
531969040212829643,Rania,HADJI,F,1969-04-02,O-,53,Farmer
091980102193562646,Marouane,AIT BACHIR,M,1980-10-21,O-,9,Mechanic
091980042259522640,Hind,AIT BACHIR,F,1980-04-22,O+,9,Mechanic
291979022010346187,Sabri,KHADIR,M,1979-02-20,AB-,29,Mechanic
291981082714335241,Wafa,KHADIR,F,1981-08-27,O+,29,Engineer
521971080979043763,Madjid,AIT BACHIR,M,1971-08-09,O+,52,Engineer
521970042832102359,Zoulikha,AIT BACHIR,F,1970-04-28,O+,52,Teacher
531962011475674076,Malik,MESSAOUDI,M,1962-01-14,B+,53,Doctor
531960020699775133,Tiziri,MESSAOUDI,F,1960-02-06,A+,53,Mechanic
352005091436669341,Bilel,SMAILI,M,2005-09-14,A-,35,Mechanic
352003031911319114,Ilyès,SMAILI,M,2003-03-19,O-,35,Farmer
521996091915365066,Hassan,SAADI,M,1996-09-19,B-,52,Engineer
522001042044951169,Yassine,SAADI,M,2001-04-20,A-,52,Engineer
301982111241242282,Kamilia,BERKANI,F,1982-11-12,A+,30,Farmer
301987010661475552,Bilel,BERKANI,M,1987-01-06,A-,30,Mechanic
112003021547311160,Salma,MEFTAH,F,2003-02-15,B-,11,Mechanic
112003091461770240,Nadir,MEFTAH,M,2003-09-14,B+,11,Mechanic
112004072651395252,Ilyès,MEFTAH,M,2004-07-26,A+,11,Doctor
421995090914053677,Zwipha,ABBAS,F,1995-09-09,A+,42,Engineer
422003040630755045,Hanane,ABBAS,F,2003-04-06,O+,42,Engineer
111999012156756546,Aïcha,HADDAD,F,1999-01-21,A+,11,Mechanic
512005041098234886,Achour,BELAIDI,M,2005-04-10,A-,51,Doctor
511999010645392274,Ghenima,BELAIDI,F,1999-01-06,O+,51,Doctor
512003020936453301,Adem,BELAIDI,M,2003-02-09,O+,51,Farmer
391990020621094901,Celia,BELDI,F,1990-02-06,A-,39,Teacher
521997091913969214,Djilali,MIHOUB,M,1997-09-19,A-,52,Doctor
152002021492221481,Slimane,BELAIDI,M,2002-02-14,A-,15,Unemployed
151997011909116375,Ilham,BELAIDI,F,1997-01-19,A+,15,Doctor
151984122577826902,Saadia,BELAIDI,F,1984-12-25,A-,15,Doctor
422004051811820673,Mouna,HAMIDI,F,2004-05-18,B-,42,Student
422004031885039226,Naima,HAMIDI,F,2004-03-18,B+,42,Farmer
422002122167372543,Djilali,HAMIDI,M,2002-12-21,O-,42,Engineer
491986031462841056,Malek,BELDI,M,1986-03-14,A-,49,Mechanic
491989051565851551,Moussa,BELDI,M,1989-05-15,AB+,49,Teacher
112003082088123966,Fethi,MOUHOUS,M,2003-08-20,O+,11,Merchant
271997071381050652,Tiziri,BENYAHIA,F,1997-07-13,A+,27,Student
271999072068861872,Ghania,BENYAHIA,F,1999-07-20,A+,27,Farmer
271999020258332945,Malek,BENYAHIA,M,1999-02-02,O-,27,Student
511996010187080062,Brahim,BELAIDI,M,1996-01-01,O-,51,Engineer
512004062411539422,Dihia,BELAIDI,F,2004-06-24,A+,51,Merchant
512000092259090555,Zakaria,BELAIDI,M,2000-09-22,A-,51,Doctor
512001112891028481,Fatma El Zahra,BELAIDI,F,2001-11-28,O-,51,Engineer
521998081857012113,Ilhem,MESSAOUDI,F,1998-08-18,A-,52,Student
521998010426663480,Kamal,MESSAOUDI,M,1998-01-04,A-,52,Teacher
222001052036843934,Aziza,KHALDI,F,2001-05-20,A-,22,Engineer
222004051124476747,Racim,KHALDI,M,2004-05-11,O-,22,Unemployed
531999101378246087,Amrane,TOUATI,M,1999-10-13,O-,53,Farmer
531998042245236883,Walid,TOUATI,M,1998-04-22,O+,53,Farmer
531999022270369486,Ziad,TOUATI,M,1999-02-22,O+,53,Mechanic
011993012494329645,Kamel,BOURAS,M,1993-01-24,AB+,1,Student
011988011500704028,Soufiane,BOURAS,M,1988-01-15,A-,1,Farmer
551999062889693789,Akli,MIHOUB,M,1999-06-28,A-,55,Teacher
552001110168349896,Fatma El Zahra,MIHOUB,F,2001-11-01,A-,55,Mechanic
551999040158390050,Zakia,MIHOUB,F,1999-04-01,O-,55,Teacher
081997030460758418,Faycel,BOULEMALI,M,1997-03-04,B-,8,Merchant
401989081837663551,Malik,BELOUATI,M,1989-08-18,B-,40,Unemployed
401987121510708838,Kawthar,BELOUATI,F,1987-12-15,B-,40,Mechanic
461987082768425616,Adem,ABOUNE,M,1987-08-27,O-,46,Engineer
461987021539979179,Kamel,ABOUNE,M,1987-02-15,O-,46,Doctor
461989052374369854,Hassan,ABOUNE,M,1989-05-23,B-,46,Doctor
111996091290627777,Fatiha,MOUHOUS,F,1996-09-12,B-,11,Teacher
112001111238083656,Farid,MOUHOUS,M,2001-11-12,O+,11,Merchant
111996090573073605,Soufiane,MOUHOUS,M,1996-09-05,O-,11,Mechanic
461997011558778390,Marzouk,AISSAOUI,M,1997-01-15,A-,46,Merchant
461997120975590583,Saloua,AISSAOUI,F,1997-12-09,O-,46,Student
042005050469778093,Houari,KADRI,M,2005-05-04,O-,4,Merchant
042000111214919705,Ghenima,KADRI,F,2000-11-12,B-,4,Engineer
042002111937554044,Abdelkader,KADRI,M,2002-11-19,O+,4,Mechanic
081986092069164859,Mbarka,MADJER,F,1986-09-20,A+,8,Unemployed
081983062499439588,Lamine,MADJER,M,1983-06-24,A-,8,Teacher
081985090253824718,Lotfi,MADJER,M,1985-09-02,O-,8,Engineer
262000102306313278,Taki,ABOUNE,M,2000-10-23,A-,26,Doctor
261981081261890601,Kamal,ABOUNE,M,1981-08-12,A-,26,Engineer
392000120250365469,Adem,CHERIF,M,2000-12-02,O-,39,Engineer
392003052614256420,Nadir,CHERIF,M,2003-05-26,A+,39,Student
392003012335021721,Kamel,CHERIF,M,2003-01-23,A-,39,Engineer
121987122784718278,Lotfi,ZITOUNI,M,1987-12-27,O+,12,Unemployed
121990070287904603,Djafer,ZITOUNI,M,1990-07-02,O+,12,Engineer
121993092343597054,Bachir,ZITOUNI,M,1993-09-23,A+,12,Mechanic
121999081003194548,Mounir,ZITOUNI,M,1999-08-10,A+,12,Merchant
561983091911696907,Safia,MAHDJOUB,F,1983-09-19,AB+,56,Merchant
441995082556409595,Naïla,CHERIF,F,1995-08-25,O+,44,Engineer
442005080916772935,Souad,CHERIF,F,2005-08-09,AB+,44,Teacher
021993101399964462,Inès,BELHADI,F,1993-10-13,B-,2,Mechanic
021996050668477670,Yasmine,BELHADI,F,1996-05-06,O-,2,Merchant
112001121269419236,Ahcen,HADDAD,M,2001-12-12,A+,11,Farmer
111989041957951292,Mazouzi,HADDAD,M,1989-04-19,AB-,11,Mechanic
341993100791538164,Dihia,SAADI,F,1993-10-07,O-,34,Merchant
341995042535785644,Adnan,SAADI,M,1995-04-25,O-,34,Merchant
341997051422303220,Zohra,SAADI,F,1997-05-14,O-,34,Mechanic
111996042731383133,Amer,ZEMMOURI,M,1996-04-27,AB-,11,Farmer
112002032681878922,Marzouk,ZEMMOURI,M,2002-03-26,B+,11,Merchant
421993021154069739,Djibril,RAHMANI,M,1993-02-11,B+,42,Doctor
422003082083716627,Celia,RAHMANI,F,2003-08-20,O-,42,Farmer
421987101818754019,Ammar,RAHMANI,M,1987-10-18,B-,42,Merchant
122004120226787282,Zakia,MAROUNI,F,2004-12-02,O-,12,Unemployed
121999122410603509,Dina,MAROUNI,F,1999-12-24,O+,12,Farmer
552005101538320708,Zahra,BOUZIANE,F,2005-10-15,O+,55,Merchant
552004020153693698,Wafa,BOUZIANE,F,2004-02-01,B-,55,Mechanic
461999102111608163,Yassine,AISSAOUI,M,1999-10-21,A+,46,Engineer
462001032165414287,Naim,AISSAOUI,M,2001-03-21,O+,46,Doctor
211997122688475228,Karim,LAIB,M,1997-12-26,A+,21,Mechanic
231987111350554239,Terkia,SALHI,F,1987-11-13,B+,23,Doctor
232000080201850499,Dallal,SALHI,F,2000-08-02,AB+,23,Student
231985041218357829,Halim,SALHI,M,1985-04-12,AB+,23,Engineer
231981111263066387,Assia,SALHI,F,1981-11-12,O-,23,Farmer
581996121818852659,Sabiha,AMARA,F,1996-12-18,O+,58,Engineer
581986022708863078,Inès,AMARA,F,1986-02-27,O-,58,Mechanic
581990080923076509,Inès,AMARA,F,1990-08-09,O+,58,Student
091995041703928640,Anissa,LARBI,F,1995-04-17,O-,9,Merchant
461997100273829600,Madjda,ABOUNE,F,1997-10-02,B+,46,Mechanic
461986032648350786,Kheira,ABOUNE,F,1986-03-26,O+,46,Engineer
461981010977244456,Kamilia,ABOUNE,F,1981-01-09,O+,46,Unemployed
492000040687881380,Katia,BELDI,F,2000-04-06,A+,49,Teacher
491999081168235185,Ines,BELDI,F,1999-08-11,A+,49,Mechanic
491996080739597671,Younes,BELDI,M,1996-08-07,AB+,49,Mechanic
092001062354984770,Riyad,AIT BACHIR,M,2001-06-23,O+,9,Farmer
092001010119615492,Karim,AIT BACHIR,M,2001-01-01,O-,9,Mechanic
092000111462048171,Tiziri,AIT BACHIR,F,2000-11-14,O-,9,Doctor
322004051004095457,Hanane,HOUCH,F,2004-05-10,AB+,32,Student
321996010892437113,Zwipha,HOUCH,F,1996-01-08,B-,32,Merchant
321992120885447382,Rafik,HOUCH,M,1992-12-08,AB-,32,Farmer
272000072335508516,Salma,DAHMANI,F,2000-07-23,O-,27,Unemployed
271997022513527034,Malek,DAHMANI,M,1997-02-25,O-,27,Farmer
561986090400201346,Hanane,BERKANI,F,1986-09-04,A-,56,Doctor
562005051521613502,Adem,BERKANI,M,2005-05-15,B-,56,Teacher
562005022529281574,Dallal,BERKANI,F,2005-02-25,AB-,56,Merchant
112002060974302747,Chafia,ZEMMOURI,F,2002-06-09,A-,11,Mechanic
111999062529274608,Kenza,ZEMMOURI,F,1999-06-25,O+,11,Engineer
331999091000237174,Issam,MOUHOUS,M,1999-09-10,A+,33,Engineer
331981090583567870,Fethi,MOUHOUS,M,1981-09-05,A+,33,Farmer
331988010144548034,Arezki,MOUHOUS,M,1988-01-01,O+,33,Farmer
331999020955979296,Marzouk,MOUHOUS,M,1999-02-09,A+,33,Student
112001061924966926,Yamina,MEFTAH,F,2001-06-19,B+,11,Farmer
112002092396138676,Fatima,MEFTAH,F,2002-09-23,AB-,11,Mechanic
112002022060442494,Melissa,MEFTAH,F,2002-02-20,AB+,11,Mechanic
351987061186507872,Samy,TOUATI,M,1987-06-11,B-,35,Mechanic
352002110283876782,Marwan,TOUATI,M,2002-11-02,O+,35,Teacher
351999032512934237,Ahcen,TOUATI,M,1999-03-25,O+,35,Farmer
041997081677300264,Zoulikha,ABOUN,F,1997-08-16,O-,4,Mechanic
042002040298725007,Hocine,ABOUN,M,2002-04-02,A-,4,Engineer
041988021530454372,Lina,ABOUN,F,1988-02-15,A-,4,Engineer
142003111694907494,Zouina,BELDI,F,2003-11-16,O-,14,Student
142004091941059939,Salah,BELDI,M,2004-09-19,A-,14,Farmer
351992081835046989,Abdelaziz,MERZOUK,M,1992-08-18,A-,35,Mechanic
362005120503926376,Yacine,MOUSSAOUI,M,2005-12-05,A+,36,Farmer
362005101505669282,Fethi,MOUSSAOUI,M,2005-10-15,B-,36,Farmer
362003051132063728,Marwan,MOUSSAOUI,M,2003-05-11,AB-,36,Doctor
362004091738852110,Kenza,MOUSSAOUI,F,2004-09-17,B-,36,Student
271994061463542559,Ouahiba,DAHMANI,F,1994-06-14,B-,27,Teacher
421984090581240083,Brahim,BELAIDI,M,1984-09-05,A-,42,Teacher
421981020715826243,Nadir,BELAIDI,M,1981-02-07,A-,42,Unemployed
421996021227499471,Leïla,BELAIDI,F,1996-02-12,B-,42,Merchant
532000020353330249,Saïd,MESSAOUDI,M,2000-02-03,AB-,53,Doctor
311992071131734748,Zinedine,MOUSSAOUI,M,1992-07-11,B-,31,Farmer
392001062253793439,Bachir,CHERIF,M,2001-06-22,A+,39,Doctor
392002020981822396,Fahima,CHERIF,F,2002-02-09,O-,39,Doctor
392002101773598029,Naim,CHERIF,M,2002-10-17,O+,39,Teacher
392000020509759950,Teyeb,CHERIF,M,2000-02-05,A+,39,Mechanic
052005070521785341,Hichem,KHALDI,M,2005-07-05,B-,5,Farmer
052004100320940250,Hanin,KHALDI,M,2004-10-03,B-,5,Merchant
052001012675444781,Mazouzi,KHALDI,M,2001-01-26,B-,5,Student
482004060515499009,Boukhalfa,MOUSSAOUI,M,2004-06-05,AB-,48,Teacher
482004111101234611,Ziad,MOUSSAOUI,M,2004-11-11,A-,48,Merchant
482005061330321670,Samara,MOUSSAOUI,F,2005-06-13,A-,48,Farmer
082005050866371556,Salima,BRAHIMI,F,2005-05-08,O-,8,Unemployed
082004122854339193,Nourhan,BRAHIMI,F,2004-12-28,B+,8,Doctor
452005100369291802,Yassir,HOUARI,M,2005-10-03,A-,45,Merchant
452002040290560329,Abdelmoula,HOUARI,M,2002-04-02,AB-,45,Unemployed
561997112572190041,Aziza,MAHDJOUB,F,1997-11-25,A-,56,Merchant
562003020821661384,Aïcha,MAHDJOUB,F,2003-02-08,A-,56,Unemployed
572003100592586206,Wafa,DAHMANI,F,2003-10-05,A-,57,Engineer
571992041019370152,Lotfi,DAHMANI,M,1992-04-10,A-,57,Mechanic
452004012470994642,Samira,MAROUNI,F,2004-01-24,A+,45,Unemployed
451996121419276405,Sofiane,MAROUNI,M,1996-12-14,A-,45,Engineer
452002012152284098,Samy,MAROUNI,M,2002-01-21,A+,45,Student
511996012695765552,Dalila,BELAIDI,F,1996-01-26,A+,51,Merchant
511997100844646628,Wafia,BELAIDI,F,1997-10-08,A+,51,Merchant
452005092083737943,Zahra,ABBAS,F,2005-09-20,B+,45,Engineer
331997071731516698,Mounir,ZITOUNI,M,1997-07-17,O-,33,Merchant
331993020838254438,Lyes,ZITOUNI,M,1993-02-08,O+,33,Unemployed
331997021464229321,Nadjma,ZITOUNI,F,1997-02-14,A+,33,Engineer
532002072818514449,Nawal,HADJI,F,2002-07-28,B-,53,Doctor
532004111052404252,Adnan,HADJI,M,2004-11-10,B+,53,Merchant
531989061766502153,Ramy,HADJI,M,1989-06-17,B+,53,Teacher
462001031930717261,Farouk,MAROUNI,M,2001-03-19,A-,46,Teacher
332003110587032593,Sana,BELOUATI,F,2003-11-05,A-,33,Student
331998111367235589,Samia,BELOUATI,F,1998-11-13,O-,33,Student
561996050344123757,Rachida,BANALI,F,1996-05-03,O+,56,Doctor
561994020293083604,Mahmoud,BANALI,M,1994-02-02,A+,56,Doctor
562003072645316377,Achour,BANALI,M,2003-07-26,A-,56,Teacher
561983090380246424,Sarah,MAHDJOUB,F,1983-09-03,A-,56,Mechanic
561998021299558162,Samara,MAHDJOUB,F,1998-02-12,A-,56,Engineer
561993110180170450,Malik,MAHDJOUB,M,1993-11-01,B-,56,Teacher
561984020887185165,Wahid,MAHDJOUB,M,1984-02-08,B-,56,Farmer
482002040305361509,Fethi,LARBI,M,2002-04-03,A-,48,Engineer
341991022214055569,Ouarda,ABBAS,F,1991-02-22,A-,34,Farmer
341998111815098674,Hacen,ABBAS,M,1998-11-18,A+,34,Teacher
341995062613520289,Nour,ABBAS,F,1995-06-26,B-,34,Teacher
281994072030738503,Kamilia,CHERIF,F,1994-07-20,B-,28,Unemployed
281999042873908731,Douaa,CHERIF,F,1999-04-28,AB-,28,Mechanic
132004051242457633,Imane,BELAIDI,F,2004-05-12,AB-,13,Farmer
132005030428967191,Amirouche,BELAIDI,M,2005-03-04,AB-,13,Doctor
161988101495926605,Nour,TOUMI,F,1988-10-14,B-,16,Engineer
331992011532447690,Zahra,HAMIDI,F,1992-01-15,O+,33,Merchant
331981110676485183,Ilham,HAMIDI,F,1981-11-06,O-,33,Mechanic
331989100455279889,Yasmina,HAMIDI,F,1989-10-04,O+,33,Engineer
301988061635469156,Mbarka,BERKANI,F,1988-06-16,O-,30,Teacher
301982041794508645,Brahim,BERKANI,M,1982-04-17,A-,30,Farmer
122002060438104439,Zouina,BRAHIMI,F,2002-06-04,A+,12,Unemployed
392002062214712385,Zwipha,BELHADJ,F,2002-06-22,A+,39,Unemployed
392004080852617546,Yassine,BELHADJ,M,2004-08-08,B+,39,Teacher
392001100465426435,Aldjia,BELHADJ,F,2001-10-04,B-,39,Doctor
052002051004271435,Rachelle,KADRI,F,2002-05-10,B-,5,Teacher
052002052271223252,Ilyès,KADRI,M,2002-05-22,A+,5,Unemployed
052003022631998556,Younes,KADRI,M,2003-02-26,B-,5,Merchant
422005100274811589,Nadir,ABBAS,M,2005-10-02,A+,42,Merchant
421996052765758137,Salah,ABBAS,M,1996-05-27,O-,42,Farmer
421999122107318223,Assia,ABBAS,F,1999-12-21,A+,42,Farmer
281998060159600957,Nabil,BELDI,M,1998-06-01,A+,28,Engineer
281997110964804696,Ibtissem,BELDI,F,1997-11-09,O-,28,Unemployed
282005030308198753,Fouad,BELDI,M,2005-03-03,AB-,28,Teacher
282004061410918783,Akli,BELDI,M,2004-06-14,A+,28,Teacher
042001101853504550,Hana,BELHADJ,F,2001-10-18,O+,4,Unemployed
041998100980791705,Sabrina,BELHADJ,F,1998-10-09,O+,4,Farmer
041999040769563510,Rania,BELHADJ,F,1999-04-07,O-,4,Farmer
041999110928114619,Dina,BELHADJ,F,1999-11-09,O+,4,Teacher
341995091205779955,Selma,BOULEMALI,F,1995-09-12,A+,34,Farmer
061999061433118762,Maram,BELDI,F,1999-06-14,B-,6,Engineer
062000062832730603,Sofiane,BELDI,M,2000-06-28,O+,6,Engineer
062003021219673681,Samia,BELDI,F,2003-02-12,B-,6,Student
012002030175408928,Naima,BENSAID,F,2002-03-01,O+,1,Engineer
011992112115338795,Ahcen,BENSAID,M,1992-11-21,A-,1,Merchant
011990100956240014,Karim,BENSAID,M,1990-10-09,O+,1,Farmer
441995040290455556,Reda,CHERIF,M,1995-04-02,O-,44,Engineer
132004010851524454,Douaa,BELAIDI,F,2004-01-08,B-,13,Merchant
132004100454409916,Mounir,BELAIDI,M,2004-10-04,AB-,13,Student
351997020268370188,Naim,MERZOUK,M,1997-02-02,B+,35,Student
352005041921730215,Anis,MERZOUK,M,2005-04-19,B+,35,Teacher
352000061426605005,Nafaa,MERZOUK,M,2000-06-14,B+,35,Teacher
402000040677746365,Rabah,KADRI,M,2000-04-06,A-,40,Mechanic
401996032839955962,Fares,KADRI,M,1996-03-28,O-,40,Unemployed
111999061878082022,Fatima,HADDAD,F,1999-06-18,B-,11,Doctor
112003061582544274,Naim,HADDAD,M,2003-06-15,B+,11,Teacher
111985041218154380,Karima,HADDAD,F,1985-04-12,A-,11,Teacher
422004081466650162,Ammar,ABBAS,M,2004-08-14,A-,42,Teacher
422004061497239773,Ilham,ABBAS,F,2004-06-14,O+,42,Unemployed
382001090270602699,Brahim,BELAIDI,M,2001-09-02,O-,38,Student
381988082554872026,Celine,BELAIDI,F,1988-08-25,O-,38,Merchant
201993071029507051,Houari,BELHADJ,M,1993-07-10,B-,20,Unemployed
201986102833276897,Terkia,BELHADJ,F,1986-10-28,A+,20,Engineer
201996070268426877,Lidia,BELHADJ,F,1996-07-02,AB+,20,Farmer
201990092872922060,Asma,BELHADJ,F,1990-09-28,A-,20,Farmer
521995061427573900,Nawel,MESSAOUDI,F,1995-06-14,A-,52,Unemployed
522005061221664726,Hanin,MESSAOUDI,M,2005-06-12,AB-,52,Engineer
521997050718010776,Nawel,MESSAOUDI,F,1997-05-07,AB-,52,Doctor
412002080549778476,Yassine,NESSAH,M,2002-08-05,O-,41,Farmer
411992052856703574,Said,NESSAH,M,1992-05-28,B+,41,Mechanic
581983021532920484,Louiza,AMARA,F,1983-02-15,B-,58,Farmer
581996100567764483,Fouad,AMARA,M,1996-10-05,O-,58,Doctor
081996100988487950,Hanane,MADJER,F,1996-10-09,O-,8,Doctor
082003050471002307,Fouzi,MADJER,M,2003-05-04,A-,8,Merchant
161994041931136903,Yasmine,TOUMI,F,1994-04-19,AB-,16,Doctor
161982032623351053,Zira,TOUMI,F,1982-03-26,AB-,16,Mechanic
161998040949497936,Melissa,TOUMI,F,1998-04-09,B-,16,Mechanic
561994012829506699,Ilham,MAHDJOUB,F,1994-01-28,AB-,56,Mechanic
561997030280609435,Mounira,MAHDJOUB,F,1997-03-02,B-,56,Merchant
581984081115187835,Saadia,LAICHI,F,1984-08-11,AB-,58,Student
582002111643236099,Aïcha,LAICHI,F,2002-11-16,B-,58,Unemployed
581983111801385099,Rafik,LAICHI,M,1983-11-18,B-,58,Doctor
112005070452191011,Saadia,MOKHTARI,F,2005-07-04,B+,11,Engineer
452004062243635152,Mounia,BENYAHIA,F,2004-06-22,A-,45,Doctor
452003061975941421,Lyes,BENYAHIA,M,2003-06-19,AB+,45,Engineer
381996030998430937,Zahra,BELAIDI,F,1996-03-09,A-,38,Mechanic
381998031775532268,Naïma,BELAIDI,F,1998-03-17,O-,38,Doctor
382005041214214883,Issam,BELAIDI,M,2005-04-12,A-,38,Engineer
281996121045138693,Nadjma,BELDI,F,1996-12-10,AB-,28,Mechanic
282000031769314760,Abdelrahman,BELDI,M,2000-03-17,A-,28,Unemployed
421988022869616317,Saïd,TOUMI,M,1988-02-28,B+,42,Student
421998012576216655,Abdelaziz,TOUMI,M,1998-01-25,B-,42,Merchant
422003031490609275,Maram,TOUMI,F,2003-03-14,A-,42,Teacher
091996100987904694,Terkia,AISSAOUI,F,1996-10-09,B-,9,Student
091994062305740114,Lamine,AISSAOUI,M,1994-06-23,B-,9,Farmer
521987110259757524,Djibril,BOURAS,M,1987-11-02,B-,52,Teacher
521999101069397784,Samara,BOURAS,F,1999-10-10,B-,52,Mechanic
461993082047398840,Asma,MOUSSAOUI,F,1993-08-20,AB-,46,Student
461998031167022042,Saadia,MOUSSAOUI,F,1998-03-11,A-,46,Unemployed
112004021677712599,Mayas,MOKHTARI,M,2004-02-16,B-,11,Unemployed
112003070359838745,Sabrina,MOKHTARI,F,2003-07-03,B+,11,Unemployed
112002020240721881,Kamel,MOKHTARI,M,2002-02-02,B+,11,Mechanic
522001042869879689,Abdelillah,MESSAOUDI,M,2001-04-28,AB-,52,Farmer
521998092338230510,Fella,MESSAOUDI,F,1998-09-23,B-,52,Student
161992052138779121,Ibtissem,ABDELLI,F,1992-05-21,AB-,16,Doctor
161998041476862996,Karim,ABDELLI,M,1998-04-14,A+,16,Teacher
252002021055022752,Teyeb,MANSOURI,M,2002-02-10,A-,25,Doctor
251994031690140622,Fatima,MANSOURI,F,1994-03-16,B-,25,Engineer
251990021950566312,Samara,MANSOURI,F,1990-02-19,AB+,25,Engineer
531990011353945436,Sabrina,ZEMMOURI,F,1990-01-13,A-,53,Unemployed
311998011788409011,Kenza,MESSAOUDI,F,1998-01-17,AB+,31,Teacher
521993122578885804,Marzouk,SAADI,M,1993-12-25,B-,52,Farmer
522005082642092508,Islam,SAADI,M,2005-08-26,AB-,52,Student
521992110143310722,Khadija,SAADI,F,1992-11-01,B-,52,Teacher
521993081560776242,Akli,SAADI,M,1993-08-15,AB-,52,Engineer
412000120418651501,Mayas,HOUARI,M,2000-12-04,A-,41,Student
092001071409778060,Ziad,LARBI,M,2001-07-14,B-,9,Engineer
091994081999238437,Hana,LARBI,F,1994-08-19,B-,9,Student
091998021741809274,Soumia,LARBI,F,1998-02-17,B-,9,Mechanic
041998040238995539,Lamine,MEFTAH,M,1998-04-02,B-,4,Teacher
041986011905428226,Mayas,MEFTAH,M,1986-01-19,A-,4,Merchant
042003021104066091,Aïcha,MEFTAH,F,2003-02-11,B-,4,Merchant
271997062645726514,Rim,BENYAHIA,F,1997-06-26,A-,27,Farmer
271997032487960835,Dallal,BENYAHIA,F,1997-03-24,A-,27,Student
271999032184067615,Asma,BENYAHIA,F,1999-03-21,A-,27,Teacher
461993051557476663,Wassim,KADRI,M,1993-05-15,A+,46,Doctor
461997112017598886,Selma,KADRI,F,1997-11-20,A-,46,Teacher
561993090173615137,Nafaa,BANALI,M,1993-09-01,O+,56,Engineer
562000080471698579,Jawad,BANALI,M,2000-08-04,O-,56,Mechanic
011998071094838119,Habib,BENSAID,M,1998-07-10,A-,1,Merchant
011993010284555667,Samia,BENSAID,F,1993-01-02,A-,1,Merchant
422004030873480871,Ines,ABBAS,F,2004-03-08,A+,42,Farmer
421995031226578484,Leïla,ABBAS,F,1995-03-12,A+,42,Engineer
421999012149198406,Rachida,ABBAS,F,1999-01-21,A+,42,Unemployed
412005082095922113,Souad,HOUARI,F,2005-08-20,A-,41,Farmer
412004021976009066,Ouardia,HOUARI,F,2004-02-19,O+,41,Merchant
412003042021348240,Amira,HOUARI,F,2003-04-20,O-,41,Mechanic
412002032885241724,Djilali,HOUARI,M,2002-03-28,A-,41,Teacher
371995031274618630,Yamina,DAHMANI,F,1995-03-12,B-,37,Doctor
371993080776775967,Farida,DAHMANI,F,1993-08-07,A+,37,Unemployed
032004090941331342,Bachir,AMARA,M,2004-09-09,O-,3,Doctor
032004051603907759,Farid,AMARA,M,2004-05-16,AB-,3,Doctor
362003091902608343,Ghania,MOUSSAOUI,F,2003-09-19,A-,36,Merchant
362003012344927131,Karim,MOUSSAOUI,M,2003-01-23,B-,36,Unemployed
341996070508741451,Ismail,BENSAID,M,1996-07-05,B-,34,Engineer
342003031121859772,Siham,BENSAID,F,2003-03-11,B+,34,Engineer
341997091443975001,Mounir,BENSAID,M,1997-09-14,A-,34,Doctor
341989032565279985,Madjda,BENSAID,F,1989-03-25,B-,34,Mechanic
442001121268463279,Badis,CHERIF,M,2001-12-12,O-,44,Teacher
441998040437932320,Abdelaziz,CHERIF,M,1998-04-04,O-,44,Unemployed
442002030375667544,Ilhem,CHERIF,F,2002-03-03,O+,44,Mechanic
482003030403208111,Farida,LARBI,F,2003-03-04,B-,48,Mechanic
482004011604470365,Nawel,LARBI,F,2004-01-16,B-,48,Teacher
482002102191842810,Wafa,LARBI,F,2002-10-21,B-,48,Unemployed
252005042085269498,Anwar,BELHADI,M,2005-04-20,A-,25,Engineer
082003082551493101,Lynda,BRAHIMI,F,2003-08-25,O-,8,Farmer
082003031560195294,Moussa,BRAHIMI,M,2003-03-15,B-,8,Farmer
401983072620723058,Hichem,MEFTAH,M,1983-07-26,O-,40,Mechanic
502005042646799565,Tarek,MIHOUB,M,2005-04-26,B-,50,Student
501986042769217527,Adel,MIHOUB,M,1986-04-27,O-,50,Unemployed
502003121566708279,Hanin,MIHOUB,M,2003-12-15,O-,50,Unemployed
501988040524330601,Ghiles,MIHOUB,M,1988-04-05,O-,50,Merchant
492004040429988660,Kenza,KHADIR,F,2004-04-04,A-,49,Merchant
551999070228551184,Lyes,GHARSI,M,1999-07-02,B+,55,Unemployed
551992092844739854,Yasmina,GHARSI,F,1992-09-28,A+,55,Doctor
551990092030330586,Taki,GHARSI,M,1990-09-20,A-,55,Teacher
551995120608524835,Chabane,GHARSI,M,1995-12-06,AB-,55,Unemployed
191997060243501927,Said,HOUARI,M,1997-06-02,A-,19,Unemployed
191992042861785569,Amer,HOUARI,M,1992-04-28,A+,19,Student
191991111072973544,Melissa,HOUARI,F,1991-11-10,A+,19,Doctor
192005072527868131,Djilali,HOUARI,M,2005-07-25,B-,19,Engineer
341995012578249871,Racim,ABBAS,M,1995-01-25,A+,34,Unemployed
342005101774050311,Fatma El Zahra,ABBAS,F,2005-10-17,AB+,34,Farmer
112005061295320041,Abdelillah,ZEMMOURI,M,2005-06-12,A-,11,Merchant
091994082546366365,Zouina,AISSAOUI,F,1994-08-25,B-,9,Student
091999061671522152,Zineb,AISSAOUI,F,1999-06-16,B-,9,Engineer
091997070615129578,Wafa,AISSAOUI,F,1997-07-06,A-,9,Student
091999102178729598,Hassan,AISSAOUI,M,1999-10-21,A-,9,Mechanic
392000052718988942,Yacoub,CHERIF,M,2000-05-27,A-,39,Unemployed
161979082727692377,Hocine,TOUMI,M,1979-08-27,AB-,16,Unemployed
161982092114981357,Anissa,TOUMI,F,1982-09-21,B+,16,Engineer
541998100705666273,Nafaa,MAROUNI,M,1998-10-07,AB-,54,Engineer
542001041885695954,Sarah,MAROUNI,F,2001-04-18,AB-,54,Teacher
441993031884369652,Dounia,MOKHTARI,F,1993-03-18,B+,44,Doctor
441990080192172256,Idir,MOKHTARI,M,1990-08-01,AB-,44,Mechanic
332004112224081182,Sabiha,LAICHI,F,2004-11-22,A-,33,Unemployed
332000022815523170,Samira,LAICHI,F,2000-02-28,O-,33,Merchant
341991121943836820,Ghenima,BOULEMALI,F,1991-12-19,AB-,34,Student
342005110802636654,Lamia,BOULEMALI,F,2005-11-08,AB-,34,Merchant
271994120317029478,Maram,BENYAHIA,F,1994-12-03,O-,27,Farmer
271995100715683793,Samir,BENYAHIA,M,1995-10-07,O+,27,Student
461990062782767639,Nabil,ABOUNE,M,1990-06-27,O-,46,Doctor
461991082305459433,Chahinez,ABOUNE,F,1991-08-23,O-,46,Engineer
482004101585743390,Ibtissam,MAHDJOUB,F,2004-10-15,A-,48,Farmer
482002051308993008,Naima,MAHDJOUB,F,2002-05-13,AB-,48,Teacher
292000101855890100,Salima,KHADIR,F,2000-10-18,B+,29,Teacher
292002100313284410,Zwipha,KHADIR,F,2002-10-03,A-,29,Engineer
292002050472741454,Mokhtar,KHADIR,M,2002-05-04,A-,29,Doctor
291998030441674059,Anis,KHADIR,M,1998-03-04,A-,29,Student
092005100389804070,Lotfi,KHADIR,M,2005-10-03,AB-,9,Engineer
092002041566497826,Brahim,KHADIR,M,2002-04-15,A-,9,Farmer
582003012890813862,Sabiha,LAICHI,F,2003-01-28,B-,58,Student
581991012370851637,Said,LAICHI,M,1991-01-23,B-,58,Farmer
212004080193856291,Yacine,DAHMANI,M,2004-08-01,A-,21,Engineer
212000022116982477,Fethi,DAHMANI,M,2000-02-21,B-,21,Student
491998100937134684,Amina,BELDI,F,1998-10-09,AB+,49,Mechanic
491994051263817761,Katia,BELDI,F,1994-05-12,AB+,49,Student
322003121251529317,Nour,HOUCH,F,2003-12-12,B+,32,Mechanic
321996032838921703,Zoubir,HOUCH,M,1996-03-28,AB+,32,Mechanic
492005090275935795,Karima,KHADIR,F,2005-09-02,B+,49,Teacher
492005060419319138,Moussa,KHADIR,M,2005-06-04,B+,49,Doctor
491998050281805674,Dihia,BELDI,F,1998-05-02,AB-,49,Mechanic
291982121749305189,Moussa,BELDI,M,1982-12-17,A-,29,Student
291980062887807866,Mounia,BELDI,F,1980-06-28,A-,29,Student
041999111855679734,Celia,MEFTAH,F,1999-11-18,O-,4,Engineer
042004111533543010,Djamel,MEFTAH,M,2004-11-15,B-,4,Doctor
581992070828594459,Souad,LAICHI,F,1992-07-08,AB-,58,Merchant
452003011921417142,Madjid,HOUARI,M,2003-01-19,A+,45,Unemployed
452004011592728474,Yasmine,HOUARI,F,2004-01-15,AB+,45,Merchant
401999032635969293,Ahcen,REHMOUN,M,1999-03-26,O-,40,Doctor
402002012767273136,Nadia,REHMOUN,F,2002-01-27,O-,40,Unemployed
512001061011670279,Samia,TOUATI,F,2001-06-10,A-,51,Doctor
202002070483499715,Dina,SAIDI,F,2002-07-04,AB-,20,Unemployed
202004112016199270,Fadila,SAIDI,F,2004-11-20,AB-,20,Engineer
492003090727169691,Asma,KHADIR,F,2003-09-07,B-,49,Unemployed
492005020695716615,Leticia,KHADIR,F,2005-02-06,A+,49,Merchant
521999061012324551,Riad,BOURAS,M,1999-06-10,B-,52,Doctor
521993011549041656,Tarek,BOURAS,M,1993-01-15,A-,52,Doctor
521999020557799838,Ghenima,BOURAS,F,1999-02-05,A-,52,Student
312002082172309886,Marouane,MAHDJOUB,M,2002-08-21,B+,31,Student
272001122548206565,Dihia,DAHMANI,F,2001-12-25,O-,27,Engineer
272005040776770892,Riad,DAHMANI,M,2005-04-07,O-,27,Teacher
431987121077423819,Leila,LAICHI,F,1987-12-10,B+,43,Engineer
041997020782060515,Kheira,MEFTAH,F,1997-02-07,A+,4,Farmer
042005061241439831,Achour,MEFTAH,M,2005-06-12,AB+,4,Doctor
042001020932621010,Ilyès,MEFTAH,M,2001-02-09,O-,4,Farmer
042002111773382489,Nour,MEFTAH,F,2002-11-17,B+,4,Engineer
402004021390209122,Dallal,REHMOUN,F,2004-02-13,O-,40,Teacher
062001120127556315,Safouane,BELDI,M,2001-12-01,B+,6,Teacher
062001071166593017,Rachid,BELDI,M,2001-07-11,O-,6,Engineer
372003122686605249,Lidia,LARBI,F,2003-12-26,A-,37,Teacher
372002031617021902,Kenza,LARBI,F,2002-03-16,O-,37,Teacher
372004041210552255,Karima,LARBI,F,2004-04-12,A-,37,Unemployed
042004091881537592,Kamel,BELHADJ,M,2004-09-18,O-,4,Unemployed
041998071488854772,Islem,BELHADJ,M,1998-07-14,O-,4,Unemployed
041993041101887858,Ines,MEFTAH,F,1993-04-11,AB+,4,Student
232001112582040073,Farah,SALHI,F,2001-11-25,O+,23,Doctor
231991111831430026,Akli,SALHI,M,1991-11-18,A+,23,Teacher
231985012410128076,Arezki,SALHI,M,1985-01-24,B-,23,Engineer
422000031635960008,Hanane,BELAIDI,F,2000-03-16,A-,42,Student
421993070976838844,Imane,BELAIDI,F,1993-07-09,O-,42,Farmer
421995041664286751,Majda,BELAIDI,F,1995-04-16,O-,42,Unemployed
421995090634453072,Salma,BELAIDI,F,1995-09-06,O-,42,Student
211990021690783659,Marouane,LAIB,M,1990-02-16,B-,21,Student
212000051580484897,Hanane,LAIB,F,2000-05-15,A-,21,Merchant
031996051408795387,Fatima,BELOUATI,F,1996-05-14,B-,3,Merchant
252001052077958805,Youssef,BELHADI,M,2001-05-20,A+,25,Doctor
252002111945222435,Saida,BELHADI,F,2002-11-19,AB+,25,Mechanic
442003092765231657,Halim,SMAILI,M,2003-09-27,A-,44,Doctor
441999092031197260,Sabrine,SMAILI,F,1999-09-20,A+,44,Unemployed
442000022394003928,Naim,SMAILI,M,2000-02-23,O-,44,Unemployed
442000112734912346,Ziad,SMAILI,M,2000-11-27,A-,44,Student
021994121768088709,Zinedine,SAMER,M,1994-12-17,A+,2,Unemployed
022002120454126327,Islem,SAMER,M,2002-12-04,A+,2,Teacher
021995122360209340,Lamine,SAMER,M,1995-12-23,AB+,2,Engineer
252005040849278410,Ouardia,MANSOURI,F,2005-04-08,B-,25,Teacher
252001111427810442,Zahia,MANSOURI,F,2001-11-14,A+,25,Farmer
442003071130037648,Leticia,SMAILI,F,2003-07-11,A+,44,Merchant
442002050998931038,Islam,SMAILI,M,2002-05-09,A+,44,Unemployed
441996020451088964,Abdelillah,SMAILI,M,1996-02-04,A-,44,Student
252000042292955130,Lidia,BELOUATI,F,2000-04-22,O-,25,Student
061998120933599233,Rabia,BELDI,F,1998-12-09,O-,6,Student
061998082031671009,Naïla,BELDI,F,1998-08-20,B-,6,Mechanic
342003090949819565,Madjid,BENSAID,M,2003-09-09,B-,34,Unemployed
341985011787544276,Sara,BENSAID,F,1985-01-17,A-,34,Teacher
341984112449491897,Mazouzi,BENSAID,M,1984-11-24,B-,34,Mechanic
521991070828337629,Salima,SAADI,F,1991-07-08,AB-,52,Farmer
521997120738749150,Aldjia,SAADI,F,1997-12-07,AB+,52,Student
062005081741495039,Zakaria,BELDI,M,2005-08-17,B+,6,Merchant
061999012059121069,Fella,BELDI,F,1999-01-20,O-,6,Student
061999111947376342,Ibtissam,BELDI,F,1999-11-19,O-,6,Merchant
352001092485949096,Zahra,BRAHIMI,F,2001-09-24,B-,35,Engineer
352001020933757399,Zinedine,BRAHIMI,M,2001-02-09,B-,35,Student
351998021433125631,Nawal,BRAHIMI,F,1998-02-14,O+,35,Doctor
022004101902376874,Zwipha,BENYAHIA,F,2004-10-19,B-,2,Engineer
022004092371521677,Kamel,BENYAHIA,M,2004-09-23,A-,2,Mechanic
042001072264761071,Chabane,MEFTAH,M,2001-07-22,A+,4,Farmer
042003072674119957,Adem,MEFTAH,M,2003-07-26,A-,4,Teacher
042000110220511687,Anissa,MEFTAH,F,2000-11-02,AB-,4,Merchant
482005041852046140,Douaa,MOUSSAOUI,F,2005-04-18,A-,48,Doctor
482005072279214657,Mouna,MOUSSAOUI,F,2005-07-22,AB-,48,Doctor
482000012532619953,Zwipha,LARBI,F,2000-01-25,B-,48,Engineer
482002072438367765,Abdelaziz,LARBI,M,2002-07-24,A-,48,Mechanic
052002011528318037,Lyes,KHALDI,M,2002-01-15,B-,5,Unemployed
521983031635626881,Aymen,BELDI,M,1983-03-16,O-,52,Merchant
481989102674386113,Lotfi,TOUATI,M,1989-10-26,A+,48,Student
481999081315127233,Moussa,TOUATI,M,1999-08-13,A-,48,Student
351995060122131856,Lotfi,MERZOUK,M,1995-06-01,B-,35,Mechanic
351999062719653056,Noureddine,MERZOUK,M,1999-06-27,A-,35,Unemployed
351993112470147411,Dina,MERZOUK,F,1993-11-24,A+,35,Merchant
351989031715299695,Kheira,MERZOUK,F,1989-03-17,B+,35,Farmer
022002072610949724,Djafer,SAMER,M,2002-07-26,A+,2,Doctor
011989040686415027,Kamilia,BENSAID,F,1989-04-06,A-,1,Mechanic
011998012479415525,Ouiza,BENSAID,F,1998-01-24,A+,1,Mechanic
022001070610075860,Dalila,SAMER,F,2001-07-06,A+,2,Doctor
021998060945435432,Issam,SAMER,M,1998-06-09,B-,2,Unemployed
021994122222520710,Ghiles,SAMER,M,1994-12-22,AB-,2,Merchant
152001060878638492,Kamal,FALEK,M,2001-06-08,A-,15,Farmer
152004082026424025,Abdelrahman,FALEK,M,2004-08-20,A+,15,Merchant
161981022493211023,Salah,TOUMI,M,1981-02-24,AB-,16,Doctor
332005010894081409,Ines,LAICHI,F,2005-01-08,A-,33,Mechanic
331999122084752111,Taki,LAICHI,M,1999-12-20,A-,33,Student
402000020989589322,Habib,KADRI,M,2000-02-09,A-,40,Doctor
401996050158554294,Kamel,KADRI,M,1996-05-01,O-,40,Doctor
452005101733323565,Hassan,HOUARI,M,2005-10-17,O-,45,Doctor
271993080736087414,Saloua,DAHMANI,F,1993-08-07,B+,27,Doctor
451998061485765834,Ouardia,MAROUNI,F,1998-06-14,O-,45,Unemployed
452003092198141180,Ouiza,MAROUNI,F,2003-09-21,A-,45,Engineer
451999090434324160,Selma,MAROUNI,F,1999-09-04,O-,45,Teacher
461993081534250616,Rabia,SAIDI,F,1993-08-15,O+,46,Unemployed
461988120760200015,Sofiane,SAIDI,M,1988-12-07,O+,46,Farmer
121986042519891741,Nour,ZITOUNI,F,1986-04-25,O-,12,Mechanic
122000011848015509,Ouiza,ZITOUNI,F,2000-01-18,O-,12,Student
121992061214689836,Selma,ZITOUNI,F,1992-06-12,A-,12,Doctor
511992111562115165,Bachir,GHARSI,M,1992-11-15,A+,51,Doctor
511986051631315279,Djibril,GHARSI,M,1986-05-16,A-,51,Engineer
511998110331249858,Safia,GHARSI,F,1998-11-03,A-,51,Merchant
511985020750418039,Yasmine,GHARSI,F,1985-02-07,A+,51,Engineer
461995031925617123,Naïma,MOUSSAOUI,F,1995-03-19,A-,46,Farmer
461997030878541043,Lina,MOUSSAOUI,F,1997-03-08,AB+,46,Unemployed
552004100921368667,Aziza,MIHOUB,F,2004-10-09,A-,55,Merchant
341989091017897061,Adnan,BENSAID,M,1989-09-10,B+,34,Doctor
091998091836976131,Hamid,LARBI,M,1998-09-18,O-,9,Engineer
091999022611080460,Nassima,LARBI,F,1999-02-26,B-,9,Engineer
461993112073796833,Bouchra,MOUSSAOUI,F,1993-11-20,A+,46,Farmer
421990062146579222,Sabrina,TOUMI,F,1990-06-21,AB+,42,Mechanic
422004090723051468,Nadjib,TOUMI,M,2004-09-07,A+,42,Merchant
421991110676319726,Zahra,TOUMI,F,1991-11-06,B-,42,Engineer
401993090949557694,Safa,MEFTAH,F,1993-09-09,B+,40,Teacher
401985030742365724,Hassan,MEFTAH,M,1985-03-07,B-,40,Doctor
401989032650489033,Mounira,MEFTAH,F,1989-03-26,B-,40,Student
111996121263224507,Yacine,MOUHOUS,M,1996-12-12,B+,11,Farmer
112002011610036014,Asma,MOUHOUS,F,2002-01-16,O-,11,Doctor
271982041858543827,Djamel,TALEB,M,1982-04-18,B+,27,Mechanic
551993100562260309,Omar,BELHADI,M,1993-10-05,B+,55,Unemployed
551995122831584577,Aïcha,BELHADI,F,1995-12-28,A+,55,Unemployed
551993020867048023,Noureddine,BELHADI,M,1993-02-08,A-,55,Unemployed
531986040277978399,Fadila,MESSAOUDI,F,1986-04-02,AB-,53,Merchant
531997081913942344,Inès,MESSAOUDI,F,1997-08-19,A-,53,Student
022004011421401280,Ghiles,BENYAHIA,M,2004-01-14,B-,2,Farmer
022004091553883400,Naima,BENYAHIA,F,2004-09-15,A-,2,Student
292004030935414821,Djamel,KHADIR,M,2004-03-09,A+,29,Mechanic
111990102127200719,Celine,HADDAD,F,1990-10-21,AB+,11,Teacher
112003021444378334,Lidia,HADDAD,F,2003-02-14,A-,11,Teacher
331992041782448686,Nadia,GHARSI,F,1992-04-17,AB+,33,Unemployed
331997082480219484,Naim,GHARSI,M,1997-08-24,A-,33,Student
431996112031025087,Lamine,ZITOUNI,M,1996-11-20,B-,43,Mechanic
432003072435488413,Fahima,ZITOUNI,F,2003-07-24,AB-,43,Doctor
581984100117925275,Safa,BANALI,F,1984-10-01,B+,58,Merchant
581985061126363147,Louiza,BANALI,F,1985-06-11,A-,58,Student
581983032265416000,Boukhalfa,BANALI,M,1983-03-22,AB-,58,Farmer
581993050408414272,Sarah,BANALI,F,1993-05-04,A-,58,Engineer
292003012342129394,Dina,KHADIR,F,2003-01-23,B-,29,Engineer
292005080491111603,Ines,KHADIR,F,2005-08-04,B-,29,Doctor
292003092401282014,Malek,KHADIR,M,2003-09-24,B+,29,Student
401990052134389584,Mouna,KADRI,F,1990-05-21,O-,40,Farmer
401998121334215793,Mokhtar,KADRI,M,1998-12-13,A+,40,Farmer
512004010681039166,Marzouk,RAHMANI,M,2004-01-06,O-,51,Student
512000030283963373,Zinedine,RAHMANI,M,2000-03-02,O-,51,Doctor
511998010683730604,Ahcen,RAHMANI,M,1998-01-06,O-,51,Mechanic
482003011920482865,Celine,MOUSSAOUI,F,2003-01-19,A-,48,Merchant
211998102634009730,Salim,DAHMANI,M,1998-10-26,B-,21,Farmer
042004111483756264,Bilel,MEFTAH,M,2004-11-14,B+,4,Mechanic
041998042841338617,Madjda,MEFTAH,F,1998-04-28,A-,4,Engineer
382002081277719138,Naima,TALEB,F,2002-08-12,AB+,38,Farmer
382002072417421693,Nourhan,TALEB,F,2002-07-24,A+,38,Student
422003032397315209,Iskander,ABBAS,M,2003-03-23,A-,42,Student
422005081594844334,Celine,ABBAS,F,2005-08-15,O+,42,Teacher
421997110428303198,Faycel,ABBAS,M,1997-11-04,A+,42,Engineer
251997052480362364,Safouane,BOURAS,M,1997-05-24,O-,25,Engineer
252003101090820990,Maissa,BOURAS,F,2003-10-10,A-,25,Farmer
252001060798579546,Lidia,BOURAS,F,2001-06-07,O-,25,Mechanic
112005102024633413,Dihia,MOKHTARI,F,2005-10-20,O+,11,Farmer
252003112580355347,Leila,BELHADI,F,2003-11-25,B+,25,Teacher
251999010435892456,Safa,BELHADI,F,1999-01-04,A+,25,Engineer
371996021214889150,Ibtissem,DAHMANI,F,1996-02-12,A+,37,Farmer
371989092528858113,Adnan,DAHMANI,M,1989-09-25,A-,37,Doctor
371999112760911441,Chahrazed,DAHMANI,F,1999-11-27,B-,37,Unemployed
371990010616437450,Anissa,DAHMANI,F,1990-01-06,B-,37,Teacher
372003122525396938,Hamid,DAHMANI,M,2003-12-25,A-,37,Mechanic
